insert into planta (planta_id, capacidad, disponibilidad) values (1, 1, false);
insert into planta (planta_id, capacidad, disponibilidad) values (2, 2, false);
insert into planta (planta_id, capacidad, disponibilidad) values (3, 3, true);
insert into planta (planta_id, capacidad, disponibilidad) values (4, 4, false);
insert into planta (planta_id, capacidad, disponibilidad) values (5, 5, false);
insert into planta (planta_id, capacidad, disponibilidad) values (6, 6, true);
insert into planta (planta_id, capacidad, disponibilidad) values (7, 7, false);
insert into planta (planta_id, capacidad, disponibilidad) values (8, 8, false);
insert into planta (planta_id, capacidad, disponibilidad) values (9, 9, false);
insert into planta (planta_id, capacidad, disponibilidad) values (10, 10, false);
insert into planta (planta_id, capacidad, disponibilidad) values (11, 11, false);
insert into planta (planta_id, capacidad, disponibilidad) values (12, 12, true);
insert into planta (planta_id, capacidad, disponibilidad) values (13, 13, true);
insert into planta (planta_id, capacidad, disponibilidad) values (14, 14, false);
insert into planta (planta_id, capacidad, disponibilidad) values (15, 15, false);
insert into planta (planta_id, capacidad, disponibilidad) values (16, 16, false);
insert into planta (planta_id, capacidad, disponibilidad) values (17, 17, true);
insert into planta (planta_id, capacidad, disponibilidad) values (18, 18, false);
insert into planta (planta_id, capacidad, disponibilidad) values (19, 19, false);
insert into planta (planta_id, capacidad, disponibilidad) values (20, 20, false);
insert into planta (planta_id, capacidad, disponibilidad) values (21, 21, false);
insert into planta (planta_id, capacidad, disponibilidad) values (22, 22, false);
insert into planta (planta_id, capacidad, disponibilidad) values (23, 23, true);
insert into planta (planta_id, capacidad, disponibilidad) values (24, 24, true);
insert into planta (planta_id, capacidad, disponibilidad) values (25, 25, false);
insert into planta (planta_id, capacidad, disponibilidad) values (26, 26, false);
insert into planta (planta_id, capacidad, disponibilidad) values (27, 27, false);
insert into planta (planta_id, capacidad, disponibilidad) values (28, 28, true);
insert into planta (planta_id, capacidad, disponibilidad) values (29, 29, false);
insert into planta (planta_id, capacidad, disponibilidad) values (30, 30, false);
insert into planta (planta_id, capacidad, disponibilidad) values (31, 31, false);
insert into planta (planta_id, capacidad, disponibilidad) values (32, 32, true);
insert into planta (planta_id, capacidad, disponibilidad) values (33, 33, false);
insert into planta (planta_id, capacidad, disponibilidad) values (34, 34, false);
insert into planta (planta_id, capacidad, disponibilidad) values (35, 35, true);
insert into planta (planta_id, capacidad, disponibilidad) values (36, 36, true);
insert into planta (planta_id, capacidad, disponibilidad) values (37, 37, false);
insert into planta (planta_id, capacidad, disponibilidad) values (38, 38, true);
insert into planta (planta_id, capacidad, disponibilidad) values (39, 39, false);
insert into planta (planta_id, capacidad, disponibilidad) values (40, 40, false);
insert into planta (planta_id, capacidad, disponibilidad) values (41, 41, false);
insert into planta (planta_id, capacidad, disponibilidad) values (42, 42, true);
insert into planta (planta_id, capacidad, disponibilidad) values (43, 43, true);
insert into planta (planta_id, capacidad, disponibilidad) values (44, 44, false);
insert into planta (planta_id, capacidad, disponibilidad) values (45, 45, false);
insert into planta (planta_id, capacidad, disponibilidad) values (46, 46, false);
insert into planta (planta_id, capacidad, disponibilidad) values (47, 47, false);
insert into planta (planta_id, capacidad, disponibilidad) values (48, 48, false);
insert into planta (planta_id, capacidad, disponibilidad) values (49, 49, true);
insert into planta (planta_id, capacidad, disponibilidad) values (50, 50, true);
insert into planta (planta_id, capacidad, disponibilidad) values (51, 51, false);
insert into planta (planta_id, capacidad, disponibilidad) values (52, 52, false);
insert into planta (planta_id, capacidad, disponibilidad) values (53, 53, true);
insert into planta (planta_id, capacidad, disponibilidad) values (54, 54, false);
insert into planta (planta_id, capacidad, disponibilidad) values (55, 55, false);
insert into planta (planta_id, capacidad, disponibilidad) values (56, 56, false);
insert into planta (planta_id, capacidad, disponibilidad) values (57, 57, true);
insert into planta (planta_id, capacidad, disponibilidad) values (58, 58, false);
insert into planta (planta_id, capacidad, disponibilidad) values (59, 59, false);
insert into planta (planta_id, capacidad, disponibilidad) values (60, 60, true);
insert into planta (planta_id, capacidad, disponibilidad) values (61, 61, true);
insert into planta (planta_id, capacidad, disponibilidad) values (62, 62, true);
insert into planta (planta_id, capacidad, disponibilidad) values (63, 63, false);
insert into planta (planta_id, capacidad, disponibilidad) values (64, 64, true);
insert into planta (planta_id, capacidad, disponibilidad) values (65, 65, true);
insert into planta (planta_id, capacidad, disponibilidad) values (66, 66, false);
insert into planta (planta_id, capacidad, disponibilidad) values (67, 67, true);
insert into planta (planta_id, capacidad, disponibilidad) values (68, 68, false);
insert into planta (planta_id, capacidad, disponibilidad) values (69, 69, true);
insert into planta (planta_id, capacidad, disponibilidad) values (70, 70, false);
insert into planta (planta_id, capacidad, disponibilidad) values (71, 71, false);
insert into planta (planta_id, capacidad, disponibilidad) values (72, 72, true);
insert into planta (planta_id, capacidad, disponibilidad) values (73, 73, true);
insert into planta (planta_id, capacidad, disponibilidad) values (74, 74, true);
insert into planta (planta_id, capacidad, disponibilidad) values (75, 75, false);
insert into planta (planta_id, capacidad, disponibilidad) values (76, 76, true);
insert into planta (planta_id, capacidad, disponibilidad) values (77, 77, false);
insert into planta (planta_id, capacidad, disponibilidad) values (78, 78, true);
insert into planta (planta_id, capacidad, disponibilidad) values (79, 79, true);
insert into planta (planta_id, capacidad, disponibilidad) values (80, 80, true);
insert into planta (planta_id, capacidad, disponibilidad) values (81, 81, false);
insert into planta (planta_id, capacidad, disponibilidad) values (82, 82, true);
insert into planta (planta_id, capacidad, disponibilidad) values (83, 83, false);
insert into planta (planta_id, capacidad, disponibilidad) values (84, 84, true);
insert into planta (planta_id, capacidad, disponibilidad) values (85, 85, true);
insert into planta (planta_id, capacidad, disponibilidad) values (86, 86, false);
insert into planta (planta_id, capacidad, disponibilidad) values (87, 87, true);
insert into planta (planta_id, capacidad, disponibilidad) values (88, 88, true);
insert into planta (planta_id, capacidad, disponibilidad) values (89, 89, true);
insert into planta (planta_id, capacidad, disponibilidad) values (90, 90, true);
insert into planta (planta_id, capacidad, disponibilidad) values (91, 91, false);
insert into planta (planta_id, capacidad, disponibilidad) values (92, 92, false);
insert into planta (planta_id, capacidad, disponibilidad) values (93, 93, true);
insert into planta (planta_id, capacidad, disponibilidad) values (94, 94, true);
insert into planta (planta_id, capacidad, disponibilidad) values (95, 95, true);
insert into planta (planta_id, capacidad, disponibilidad) values (96, 96, false);
insert into planta (planta_id, capacidad, disponibilidad) values (97, 97, false);
insert into planta (planta_id, capacidad, disponibilidad) values (98, 98, true);
insert into planta (planta_id, capacidad, disponibilidad) values (99, 99, false);
insert into planta (planta_id, capacidad, disponibilidad) values (100, 100, true);


insert into cobro (nro_operacion_id, fecha) values (1, '2021-09-09');
insert into cobro (nro_operacion_id, fecha) values (2, '2020-09-19');
insert into cobro (nro_operacion_id, fecha) values (3, '2021-01-04');
insert into cobro (nro_operacion_id, fecha) values (4, '2021-01-28');
insert into cobro (nro_operacion_id, fecha) values (5, '2020-09-20');
insert into cobro (nro_operacion_id, fecha) values (6, '2020-10-18');
insert into cobro (nro_operacion_id, fecha) values (7, '2021-05-16');
insert into cobro (nro_operacion_id, fecha) values (8, '2021-07-10');
insert into cobro (nro_operacion_id, fecha) values (9, '2021-07-02');
insert into cobro (nro_operacion_id, fecha) values (10, '2021-05-15');
insert into cobro (nro_operacion_id, fecha) values (11, '2021-07-20');
insert into cobro (nro_operacion_id, fecha) values (12, '2021-03-16');
insert into cobro (nro_operacion_id, fecha) values (13, '2020-12-26');
insert into cobro (nro_operacion_id, fecha) values (14, '2021-02-23');
insert into cobro (nro_operacion_id, fecha) values (15, '2021-07-10');
insert into cobro (nro_operacion_id, fecha) values (16, '2021-02-17');
insert into cobro (nro_operacion_id, fecha) values (17, '2021-03-01');
insert into cobro (nro_operacion_id, fecha) values (18, '2021-06-17');
insert into cobro (nro_operacion_id, fecha) values (19, '2020-12-06');
insert into cobro (nro_operacion_id, fecha) values (20, '2021-08-12');
insert into cobro (nro_operacion_id, fecha) values (21, '2020-12-22');
insert into cobro (nro_operacion_id, fecha) values (22, '2020-10-05');
insert into cobro (nro_operacion_id, fecha) values (23, '2021-08-16');
insert into cobro (nro_operacion_id, fecha) values (24, '2020-10-20');
insert into cobro (nro_operacion_id, fecha) values (25, '2020-09-30');
insert into cobro (nro_operacion_id, fecha) values (26, '2021-08-05');
insert into cobro (nro_operacion_id, fecha) values (27, '2021-02-01');
insert into cobro (nro_operacion_id, fecha) values (28, '2021-04-13');
insert into cobro (nro_operacion_id, fecha) values (29, '2021-01-24');
insert into cobro (nro_operacion_id, fecha) values (30, '2021-08-15');
insert into cobro (nro_operacion_id, fecha) values (31, '2021-01-12');
insert into cobro (nro_operacion_id, fecha) values (32, '2021-05-25');
insert into cobro (nro_operacion_id, fecha) values (33, '2020-11-26');
insert into cobro (nro_operacion_id, fecha) values (34, '2020-11-02');
insert into cobro (nro_operacion_id, fecha) values (35, '2020-09-20');
insert into cobro (nro_operacion_id, fecha) values (36, '2021-08-26');
insert into cobro (nro_operacion_id, fecha) values (37, '2021-07-07');
insert into cobro (nro_operacion_id, fecha) values (38, '2021-06-10');
insert into cobro (nro_operacion_id, fecha) values (39, '2020-11-05');
insert into cobro (nro_operacion_id, fecha) values (40, '2021-04-07');
insert into cobro (nro_operacion_id, fecha) values (41, '2020-09-14');
insert into cobro (nro_operacion_id, fecha) values (42, '2021-05-14');
insert into cobro (nro_operacion_id, fecha) values (43, '2021-04-17');
insert into cobro (nro_operacion_id, fecha) values (44, '2021-02-22');
insert into cobro (nro_operacion_id, fecha) values (45, '2021-03-27');
insert into cobro (nro_operacion_id, fecha) values (46, '2020-10-18');
insert into cobro (nro_operacion_id, fecha) values (47, '2020-11-26');
insert into cobro (nro_operacion_id, fecha) values (48, '2020-12-20');
insert into cobro (nro_operacion_id, fecha) values (49, '2021-06-08');
insert into cobro (nro_operacion_id, fecha) values (50, '2021-03-10');
insert into cobro (nro_operacion_id, fecha) values (51, '2021-07-09');
insert into cobro (nro_operacion_id, fecha) values (52, '2021-04-23');
insert into cobro (nro_operacion_id, fecha) values (53, '2021-02-03');
insert into cobro (nro_operacion_id, fecha) values (54, '2020-12-10');
insert into cobro (nro_operacion_id, fecha) values (55, '2021-08-03');
insert into cobro (nro_operacion_id, fecha) values (56, '2020-11-08');
insert into cobro (nro_operacion_id, fecha) values (57, '2021-09-02');
insert into cobro (nro_operacion_id, fecha) values (58, '2021-07-04');
insert into cobro (nro_operacion_id, fecha) values (59, '2021-08-16');
insert into cobro (nro_operacion_id, fecha) values (60, '2021-02-21');
insert into cobro (nro_operacion_id, fecha) values (61, '2020-10-05');
insert into cobro (nro_operacion_id, fecha) values (62, '2021-09-02');
insert into cobro (nro_operacion_id, fecha) values (63, '2021-02-27');
insert into cobro (nro_operacion_id, fecha) values (64, '2021-03-22');
insert into cobro (nro_operacion_id, fecha) values (65, '2021-05-19');
insert into cobro (nro_operacion_id, fecha) values (66, '2021-05-13');
insert into cobro (nro_operacion_id, fecha) values (67, '2020-11-29');
insert into cobro (nro_operacion_id, fecha) values (68, '2021-02-17');
insert into cobro (nro_operacion_id, fecha) values (69, '2021-03-14');
insert into cobro (nro_operacion_id, fecha) values (70, '2021-07-21');
insert into cobro (nro_operacion_id, fecha) values (71, '2021-01-25');
insert into cobro (nro_operacion_id, fecha) values (72, '2021-09-04');
insert into cobro (nro_operacion_id, fecha) values (73, '2020-09-20');
insert into cobro (nro_operacion_id, fecha) values (74, '2020-12-09');
insert into cobro (nro_operacion_id, fecha) values (75, '2020-10-13');
insert into cobro (nro_operacion_id, fecha) values (76, '2021-02-02');
insert into cobro (nro_operacion_id, fecha) values (77, '2021-03-06');
insert into cobro (nro_operacion_id, fecha) values (78, '2021-05-19');
insert into cobro (nro_operacion_id, fecha) values (79, '2021-05-06');
insert into cobro (nro_operacion_id, fecha) values (80, '2021-01-17');
insert into cobro (nro_operacion_id, fecha) values (81, '2021-07-17');
insert into cobro (nro_operacion_id, fecha) values (82, '2020-12-31');
insert into cobro (nro_operacion_id, fecha) values (83, '2021-04-03');
insert into cobro (nro_operacion_id, fecha) values (84, '2021-08-25');
insert into cobro (nro_operacion_id, fecha) values (85, '2021-04-12');
insert into cobro (nro_operacion_id, fecha) values (86, '2020-10-30');
insert into cobro (nro_operacion_id, fecha) values (87, '2021-02-13');
insert into cobro (nro_operacion_id, fecha) values (88, '2020-12-13');
insert into cobro (nro_operacion_id, fecha) values (89, '2020-11-17');
insert into cobro (nro_operacion_id, fecha) values (90, '2020-11-03');
insert into cobro (nro_operacion_id, fecha) values (91, '2021-02-25');
insert into cobro (nro_operacion_id, fecha) values (92, '2020-10-15');
insert into cobro (nro_operacion_id, fecha) values (93, '2021-05-17');
insert into cobro (nro_operacion_id, fecha) values (94, '2021-08-06');
insert into cobro (nro_operacion_id, fecha) values (95, '2021-01-05');
insert into cobro (nro_operacion_id, fecha) values (96, '2021-01-01');
insert into cobro (nro_operacion_id, fecha) values (97, '2020-09-16');
insert into cobro (nro_operacion_id, fecha) values (98, '2020-09-21');
insert into cobro (nro_operacion_id, fecha) values (99, '2020-10-26');
insert into cobro (nro_operacion_id, fecha) values (100, '2021-06-25');


insert into vendedor (legajo_id, dni, nombre, telefono, email) values (1, '48640345', 5343, 67, 14);
insert into vendedor (legajo_id, dni, nombre, telefono, email) values (2, '01850615', 5468, 94, 65);
insert into vendedor (legajo_id, dni, nombre, telefono, email) values (3, '80832700', 8461, 59, 39);
insert into vendedor (legajo_id, dni, nombre, telefono, email) values (4, '89244968', 7953, 91, 97);
insert into vendedor (legajo_id, dni, nombre, telefono, email) values (5, '53332238', 8785, 90, 86);
insert into vendedor (legajo_id, dni, nombre, telefono, email) values (6, '56389016', 6369, 30, 51);
insert into vendedor (legajo_id, dni, nombre, telefono, email) values (7, '38623568', 8482, 14, 65);
insert into vendedor (legajo_id, dni, nombre, telefono, email) values (8, '99132122', 8316, 72, 37);
insert into vendedor (legajo_id, dni, nombre, telefono, email) values (9, '79483983', 6834, 87, 3);
insert into vendedor (legajo_id, dni, nombre, telefono, email) values (10, '26783743', 5393, 58, 15);
insert into vendedor (legajo_id, dni, nombre, telefono, email) values (11, '35537547', 5574, 44, 3);
insert into vendedor (legajo_id, dni, nombre, telefono, email) values (12, '95664958', 6942, 87, 16);
insert into vendedor (legajo_id, dni, nombre, telefono, email) values (13, '31091702', 8862, 93, 13);
insert into vendedor (legajo_id, dni, nombre, telefono, email) values (14, '22166015', 5492, 70, 21);
insert into vendedor (legajo_id, dni, nombre, telefono, email) values (15, '89376409', 5361, 23, 62);
insert into vendedor (legajo_id, dni, nombre, telefono, email) values (16, '41530176', 6619, 50, 67);
insert into vendedor (legajo_id, dni, nombre, telefono, email) values (17, '85821880', 8863, 100, 99);
insert into vendedor (legajo_id, dni, nombre, telefono, email) values (18, '85166427', 8597, 67, 98);
insert into vendedor (legajo_id, dni, nombre, telefono, email) values (19, '59212398', 6637, 21, 66);
insert into vendedor (legajo_id, dni, nombre, telefono, email) values (20, '73926752', 8891, 79, 56);
insert into vendedor (legajo_id, dni, nombre, telefono, email) values (21, '64127955', 8559, 34, 44);
insert into vendedor (legajo_id, dni, nombre, telefono, email) values (22, '65747772', 5611, 52, 93);
insert into vendedor (legajo_id, dni, nombre, telefono, email) values (23, '15942553', 9960, 25, 50);
insert into vendedor (legajo_id, dni, nombre, telefono, email) values (24, '39510561', 7361, 2, 79);
insert into vendedor (legajo_id, dni, nombre, telefono, email) values (25, '78911420', 9362, 72, 7);
insert into vendedor (legajo_id, dni, nombre, telefono, email) values (26, '32509014', 7328, 36, 19);
insert into vendedor (legajo_id, dni, nombre, telefono, email) values (27, '37711004', 8899, 30, 37);
insert into vendedor (legajo_id, dni, nombre, telefono, email) values (28, '06406772', 7202, 24, 86);
insert into vendedor (legajo_id, dni, nombre, telefono, email) values (29, '04021499', 9971, 47, 22);
insert into vendedor (legajo_id, dni, nombre, telefono, email) values (30, '98910336', 5324, 51, 18);
insert into vendedor (legajo_id, dni, nombre, telefono, email) values (31, '79447339', 8991, 15, 33);
insert into vendedor (legajo_id, dni, nombre, telefono, email) values (32, '90030650', 7029, 19, 80);
insert into vendedor (legajo_id, dni, nombre, telefono, email) values (33, '20575307', 6214, 93, 53);
insert into vendedor (legajo_id, dni, nombre, telefono, email) values (34, '28767706', 8697, 25, 4);
insert into vendedor (legajo_id, dni, nombre, telefono, email) values (35, '14909041', 5901, 96, 68);
insert into vendedor (legajo_id, dni, nombre, telefono, email) values (36, '73941232', 6895, 34, 46);
insert into vendedor (legajo_id, dni, nombre, telefono, email) values (37, '86605736', 9893, 8, 56);
insert into vendedor (legajo_id, dni, nombre, telefono, email) values (38, '71587653', 6686, 26, 58);
insert into vendedor (legajo_id, dni, nombre, telefono, email) values (39, '66701867', 9786, 44, 21);
insert into vendedor (legajo_id, dni, nombre, telefono, email) values (40, '35076444', 7856, 81, 49);
insert into vendedor (legajo_id, dni, nombre, telefono, email) values (41, '99443826', 8771, 62, 38);
insert into vendedor (legajo_id, dni, nombre, telefono, email) values (42, '20718378', 6501, 52, 39);
insert into vendedor (legajo_id, dni, nombre, telefono, email) values (43, '33695845', 5372, 15, 72);
insert into vendedor (legajo_id, dni, nombre, telefono, email) values (44, '32231286', 6756, 60, 1);
insert into vendedor (legajo_id, dni, nombre, telefono, email) values (45, '87431890', 6233, 99, 47);
insert into vendedor (legajo_id, dni, nombre, telefono, email) values (46, '62876137', 9964, 61, 9);
insert into vendedor (legajo_id, dni, nombre, telefono, email) values (47, '86296562', 8805, 73, 15);
insert into vendedor (legajo_id, dni, nombre, telefono, email) values (48, '25494890', 7737, 66, 76);
insert into vendedor (legajo_id, dni, nombre, telefono, email) values (49, '06112378', 7117, 13, 23);
insert into vendedor (legajo_id, dni, nombre, telefono, email) values (50, '68051064', 8510, 39, 82);
insert into vendedor (legajo_id, dni, nombre, telefono, email) values (51, '53797674', 7451, 38, 80);
insert into vendedor (legajo_id, dni, nombre, telefono, email) values (52, '59190937', 5200, 52, 67);
insert into vendedor (legajo_id, dni, nombre, telefono, email) values (53, '71611342', 9350, 19, 100);
insert into vendedor (legajo_id, dni, nombre, telefono, email) values (54, '29272985', 6526, 59, 88);
insert into vendedor (legajo_id, dni, nombre, telefono, email) values (55, '41555262', 7317, 83, 70);
insert into vendedor (legajo_id, dni, nombre, telefono, email) values (56, '05353101', 9372, 92, 46);
insert into vendedor (legajo_id, dni, nombre, telefono, email) values (57, '39304249', 9162, 77, 64);
insert into vendedor (legajo_id, dni, nombre, telefono, email) values (58, '20225216', 9190, 39, 60);
insert into vendedor (legajo_id, dni, nombre, telefono, email) values (59, '44450867', 8832, 63, 29);
insert into vendedor (legajo_id, dni, nombre, telefono, email) values (60, '68575521', 9541, 1, 95);
insert into vendedor (legajo_id, dni, nombre, telefono, email) values (61, '02860818', 8696, 84, 56);
insert into vendedor (legajo_id, dni, nombre, telefono, email) values (62, '21464615', 6388, 64, 65);
insert into vendedor (legajo_id, dni, nombre, telefono, email) values (63, '46713093', 9376, 74, 34);
insert into vendedor (legajo_id, dni, nombre, telefono, email) values (64, '32158513', 9732, 2, 15);
insert into vendedor (legajo_id, dni, nombre, telefono, email) values (65, '06983256', 9834, 32, 27);
insert into vendedor (legajo_id, dni, nombre, telefono, email) values (66, '27390419', 8287, 100, 16);
insert into vendedor (legajo_id, dni, nombre, telefono, email) values (67, '44853346', 7011, 86, 3);
insert into vendedor (legajo_id, dni, nombre, telefono, email) values (68, '38982839', 6674, 43, 67);
insert into vendedor (legajo_id, dni, nombre, telefono, email) values (69, '15597691', 7213, 76, 29);
insert into vendedor (legajo_id, dni, nombre, telefono, email) values (70, '72412609', 7684, 45, 47);
insert into vendedor (legajo_id, dni, nombre, telefono, email) values (71, '43106076', 8360, 41, 50);
insert into vendedor (legajo_id, dni, nombre, telefono, email) values (72, '38149152', 5847, 63, 24);
insert into vendedor (legajo_id, dni, nombre, telefono, email) values (73, '57315325', 9291, 8, 21);
insert into vendedor (legajo_id, dni, nombre, telefono, email) values (74, '77987480', 5960, 43, 43);
insert into vendedor (legajo_id, dni, nombre, telefono, email) values (75, '58262197', 6272, 25, 2);
insert into vendedor (legajo_id, dni, nombre, telefono, email) values (76, '95387300', 6220, 52, 87);
insert into vendedor (legajo_id, dni, nombre, telefono, email) values (77, '42651174', 7047, 96, 66);
insert into vendedor (legajo_id, dni, nombre, telefono, email) values (78, '27770809', 8017, 64, 47);
insert into vendedor (legajo_id, dni, nombre, telefono, email) values (79, '97296242', 9538, 62, 83);
insert into vendedor (legajo_id, dni, nombre, telefono, email) values (80, '79950031', 8639, 73, 48);
insert into vendedor (legajo_id, dni, nombre, telefono, email) values (81, '91371958', 8226, 82, 74);
insert into vendedor (legajo_id, dni, nombre, telefono, email) values (82, '02936063', 9492, 6, 1);
insert into vendedor (legajo_id, dni, nombre, telefono, email) values (83, '17434584', 8422, 84, 80);
insert into vendedor (legajo_id, dni, nombre, telefono, email) values (84, '54026397', 5325, 62, 56);
insert into vendedor (legajo_id, dni, nombre, telefono, email) values (85, '09421185', 9985, 3, 35);
insert into vendedor (legajo_id, dni, nombre, telefono, email) values (86, '94797888', 5523, 9, 93);
insert into vendedor (legajo_id, dni, nombre, telefono, email) values (87, '68101695', 9558, 37, 44);
insert into vendedor (legajo_id, dni, nombre, telefono, email) values (88, '65374342', 8710, 61, 36);
insert into vendedor (legajo_id, dni, nombre, telefono, email) values (89, '38133311', 5013, 65, 50);
insert into vendedor (legajo_id, dni, nombre, telefono, email) values (90, '52737423', 8457, 73, 30);
insert into vendedor (legajo_id, dni, nombre, telefono, email) values (91, '58011068', 7786, 71, 18);
insert into vendedor (legajo_id, dni, nombre, telefono, email) values (92, '14387822', 6766, 82, 15);
insert into vendedor (legajo_id, dni, nombre, telefono, email) values (93, '21538150', 7911, 53, 12);
insert into vendedor (legajo_id, dni, nombre, telefono, email) values (94, '06536130', 8381, 58, 81);
insert into vendedor (legajo_id, dni, nombre, telefono, email) values (95, '41667678', 5361, 68, 69);
insert into vendedor (legajo_id, dni, nombre, telefono, email) values (96, '45065705', 5440, 27, 72);
insert into vendedor (legajo_id, dni, nombre, telefono, email) values (97, '06712147', 5836, 99, 97);
insert into vendedor (legajo_id, dni, nombre, telefono, email) values (98, '39513336', 5883, 77, 58);
insert into vendedor (legajo_id, dni, nombre, telefono, email) values (99, '08382279', 6865, 4, 55);
insert into vendedor (legajo_id, dni, nombre, telefono, email) values (100, '84287466', 8700, 12, 47);

insert into empresa (empresa_id, razon_social, contacto, direccion) values (1, 'Leexo', 6316, 99);
insert into empresa (empresa_id, razon_social, contacto, direccion) values (2, 'Skyba', 9028, 36);
insert into empresa (empresa_id, razon_social, contacto, direccion) values (3, 'Dablist', 9602, 49);
insert into empresa (empresa_id, razon_social, contacto, direccion) values (4, 'Viva', 9876, 2);
insert into empresa (empresa_id, razon_social, contacto, direccion) values (5, 'Jetpulse', 6108, 53);
insert into empresa (empresa_id, razon_social, contacto, direccion) values (6, 'Mynte', 9363, 85);
insert into empresa (empresa_id, razon_social, contacto, direccion) values (7, 'Voomm', 9017, 52);
insert into empresa (empresa_id, razon_social, contacto, direccion) values (8, 'Meemm', 6487, 93);
insert into empresa (empresa_id, razon_social, contacto, direccion) values (9, 'Cogidoo', 6733, 34);
insert into empresa (empresa_id, razon_social, contacto, direccion) values (10, 'Browsecat', 5173, 12);
insert into empresa (empresa_id, razon_social, contacto, direccion) values (11, 'Skipstorm', 6677, 6);
insert into empresa (empresa_id, razon_social, contacto, direccion) values (12, 'Twitterbeat', 9362, 10);
insert into empresa (empresa_id, razon_social, contacto, direccion) values (13, 'Wordtune', 6480, 43);
insert into empresa (empresa_id, razon_social, contacto, direccion) values (14, 'Meemm', 6970, 92);
insert into empresa (empresa_id, razon_social, contacto, direccion) values (15, 'Eare', 9866, 87);
insert into empresa (empresa_id, razon_social, contacto, direccion) values (16, 'Yadel', 6405, 32);
insert into empresa (empresa_id, razon_social, contacto, direccion) values (17, 'Devbug', 9274, 21);
insert into empresa (empresa_id, razon_social, contacto, direccion) values (18, 'Dynabox', 8794, 80);
insert into empresa (empresa_id, razon_social, contacto, direccion) values (19, 'Linklinks', 9829, 41);
insert into empresa (empresa_id, razon_social, contacto, direccion) values (20, 'Devcast', 6025, 32);
insert into empresa (empresa_id, razon_social, contacto, direccion) values (21, 'Yakidoo', 7271, 67);
insert into empresa (empresa_id, razon_social, contacto, direccion) values (22, 'Jaxnation', 7974, 79);
insert into empresa (empresa_id, razon_social, contacto, direccion) values (23, 'Leenti', 5049, 4);
insert into empresa (empresa_id, razon_social, contacto, direccion) values (24, 'Fiveclub', 5807, 95);
insert into empresa (empresa_id, razon_social, contacto, direccion) values (25, 'Voolith', 9689, 39);
insert into empresa (empresa_id, razon_social, contacto, direccion) values (26, 'Voonix', 8992, 29);
insert into empresa (empresa_id, razon_social, contacto, direccion) values (27, 'Jaxbean', 7004, 72);
insert into empresa (empresa_id, razon_social, contacto, direccion) values (28, 'Tagcat', 8477, 6);
insert into empresa (empresa_id, razon_social, contacto, direccion) values (29, 'Skippad', 5692, 51);
insert into empresa (empresa_id, razon_social, contacto, direccion) values (30, 'Janyx', 7149, 68);
insert into empresa (empresa_id, razon_social, contacto, direccion) values (31, 'Wikibox', 6584, 17);
insert into empresa (empresa_id, razon_social, contacto, direccion) values (32, 'Voonyx', 8323, 80);
insert into empresa (empresa_id, razon_social, contacto, direccion) values (33, 'Jamia', 6823, 97);
insert into empresa (empresa_id, razon_social, contacto, direccion) values (34, 'Roodel', 8250, 3);
insert into empresa (empresa_id, razon_social, contacto, direccion) values (35, 'Buzzster', 5885, 90);
insert into empresa (empresa_id, razon_social, contacto, direccion) values (36, 'Agimba', 9809, 35);
insert into empresa (empresa_id, razon_social, contacto, direccion) values (37, 'Zooxo', 6144, 94);
insert into empresa (empresa_id, razon_social, contacto, direccion) values (38, 'Divavu', 6307, 8);
insert into empresa (empresa_id, razon_social, contacto, direccion) values (39, 'Meedoo', 6884, 77);
insert into empresa (empresa_id, razon_social, contacto, direccion) values (40, 'Vidoo', 5853, 6);
insert into empresa (empresa_id, razon_social, contacto, direccion) values (41, 'Fatz', 5032, 47);
insert into empresa (empresa_id, razon_social, contacto, direccion) values (42, 'Jabbersphere', 5646, 32);
insert into empresa (empresa_id, razon_social, contacto, direccion) values (43, 'Skinix', 8306, 15);
insert into empresa (empresa_id, razon_social, contacto, direccion) values (44, 'Skynoodle', 7333, 32);
insert into empresa (empresa_id, razon_social, contacto, direccion) values (45, 'Teklist', 9830, 24);
insert into empresa (empresa_id, razon_social, contacto, direccion) values (46, 'Brightbean', 6259, 100);
insert into empresa (empresa_id, razon_social, contacto, direccion) values (47, 'Skinix', 7846, 35);
insert into empresa (empresa_id, razon_social, contacto, direccion) values (48, 'Quamba', 8750, 80);
insert into empresa (empresa_id, razon_social, contacto, direccion) values (49, 'Mymm', 7575, 35);
insert into empresa (empresa_id, razon_social, contacto, direccion) values (50, 'Topicstorm', 7959, 72);
insert into empresa (empresa_id, razon_social, contacto, direccion) values (51, 'Fivechat', 9153, 57);
insert into empresa (empresa_id, razon_social, contacto, direccion) values (52, 'Babbleopia', 9964, 66);
insert into empresa (empresa_id, razon_social, contacto, direccion) values (53, 'Tagchat', 8353, 79);
insert into empresa (empresa_id, razon_social, contacto, direccion) values (54, 'Mydeo', 7522, 5);
insert into empresa (empresa_id, razon_social, contacto, direccion) values (55, 'Flipbug', 5392, 100);
insert into empresa (empresa_id, razon_social, contacto, direccion) values (56, 'Pixope', 5931, 11);
insert into empresa (empresa_id, razon_social, contacto, direccion) values (57, 'Photobean', 8174, 93);
insert into empresa (empresa_id, razon_social, contacto, direccion) values (58, 'Podcat', 8805, 52);
insert into empresa (empresa_id, razon_social, contacto, direccion) values (59, 'Jetpulse', 5424, 50);
insert into empresa (empresa_id, razon_social, contacto, direccion) values (60, 'Yakijo', 8907, 38);
insert into empresa (empresa_id, razon_social, contacto, direccion) values (61, 'Meeveo', 7476, 64);
insert into empresa (empresa_id, razon_social, contacto, direccion) values (62, 'Demizz', 9730, 63);
insert into empresa (empresa_id, razon_social, contacto, direccion) values (63, 'Bubblebox', 7726, 11);
insert into empresa (empresa_id, razon_social, contacto, direccion) values (64, 'Eadel', 6513, 76);
insert into empresa (empresa_id, razon_social, contacto, direccion) values (65, 'Babbleblab', 9603, 49);
insert into empresa (empresa_id, razon_social, contacto, direccion) values (66, 'Avavee', 9325, 39);
insert into empresa (empresa_id, razon_social, contacto, direccion) values (67, 'Skidoo', 9669, 27);
insert into empresa (empresa_id, razon_social, contacto, direccion) values (68, 'Jaxbean', 8636, 100);
insert into empresa (empresa_id, razon_social, contacto, direccion) values (69, 'Twinder', 7914, 66);
insert into empresa (empresa_id, razon_social, contacto, direccion) values (70, 'Photospace', 9083, 44);
insert into empresa (empresa_id, razon_social, contacto, direccion) values (71, 'Quimm', 7551, 35);
insert into empresa (empresa_id, razon_social, contacto, direccion) values (72, 'Livepath', 6574, 33);
insert into empresa (empresa_id, razon_social, contacto, direccion) values (73, 'Skimia', 7165, 99);
insert into empresa (empresa_id, razon_social, contacto, direccion) values (74, 'Brainbox', 8359, 61);
insert into empresa (empresa_id, razon_social, contacto, direccion) values (75, 'Browsezoom', 5317, 23);
insert into empresa (empresa_id, razon_social, contacto, direccion) values (76, 'Agimba', 7986, 81);
insert into empresa (empresa_id, razon_social, contacto, direccion) values (77, 'Zoovu', 8091, 75);
insert into empresa (empresa_id, razon_social, contacto, direccion) values (78, 'Photospace', 9450, 95);
insert into empresa (empresa_id, razon_social, contacto, direccion) values (79, 'Flipopia', 6001, 11);
insert into empresa (empresa_id, razon_social, contacto, direccion) values (80, 'Skippad', 8696, 30);
insert into empresa (empresa_id, razon_social, contacto, direccion) values (81, 'Rhybox', 8918, 51);
insert into empresa (empresa_id, razon_social, contacto, direccion) values (82, 'Geba', 8893, 28);
insert into empresa (empresa_id, razon_social, contacto, direccion) values (83, 'Dynabox', 9012, 42);
insert into empresa (empresa_id, razon_social, contacto, direccion) values (84, 'Zooxo', 8325, 61);
insert into empresa (empresa_id, razon_social, contacto, direccion) values (85, 'Youspan', 8530, 48);
insert into empresa (empresa_id, razon_social, contacto, direccion) values (86, 'Gigashots', 8196, 97);
insert into empresa (empresa_id, razon_social, contacto, direccion) values (87, 'Fiveclub', 8388, 83);
insert into empresa (empresa_id, razon_social, contacto, direccion) values (88, 'Fliptune', 6931, 47);
insert into empresa (empresa_id, razon_social, contacto, direccion) values (89, 'Linkbridge', 7646, 54);
insert into empresa (empresa_id, razon_social, contacto, direccion) values (90, 'Ntag', 6919, 35);
insert into empresa (empresa_id, razon_social, contacto, direccion) values (91, 'Flipbug', 5655, 32);
insert into empresa (empresa_id, razon_social, contacto, direccion) values (92, 'Skyba', 6484, 85);
insert into empresa (empresa_id, razon_social, contacto, direccion) values (93, 'Meetz', 6989, 95);
insert into empresa (empresa_id, razon_social, contacto, direccion) values (94, 'Oba', 9469, 90);
insert into empresa (empresa_id, razon_social, contacto, direccion) values (95, 'Katz', 6926, 20);
insert into empresa (empresa_id, razon_social, contacto, direccion) values (96, 'Blogtags', 5899, 96);
insert into empresa (empresa_id, razon_social, contacto, direccion) values (97, 'Jabbersphere', 7910, 81);
insert into empresa (empresa_id, razon_social, contacto, direccion) values (98, 'Babblestorm', 9507, 85);
insert into empresa (empresa_id, razon_social, contacto, direccion) values (99, 'Thoughtstorm', 6050, 4);
insert into empresa (empresa_id, razon_social, contacto, direccion) values (100, 'Thoughtmix', 7130, 60);


insert into alquiler (alquiler_id, fecha_inicio, fecha_fin, monto_base, empresa_id, vendedor_id) values (1, '2020-06-08', '2022-12-08', 173, 21, 1);
insert into alquiler (alquiler_id, fecha_inicio, fecha_fin, monto_base, empresa_id, vendedor_id) values (2, '2019-03-03', '2022-11-27', 174, 22, 2);
insert into alquiler (alquiler_id, fecha_inicio, fecha_fin, monto_base, empresa_id, vendedor_id) values (3, '2018-11-15', '2021-11-28', 175, 23, 3);
insert into alquiler (alquiler_id, fecha_inicio, fecha_fin, monto_base, empresa_id, vendedor_id) values (4, '2020-01-10', '2022-12-29', 176, 24, 4);
insert into alquiler (alquiler_id, fecha_inicio, fecha_fin, monto_base, empresa_id, vendedor_id) values (5, '2019-03-24', '2023-01-24', 177, 25, 5);
insert into alquiler (alquiler_id, fecha_inicio, fecha_fin, monto_base, empresa_id, vendedor_id) values (6, '2018-07-18', '2022-12-26', 178, 26, 6);
insert into alquiler (alquiler_id, fecha_inicio, fecha_fin, monto_base, empresa_id, vendedor_id) values (7, '2019-08-22', '2022-02-10', 179, 27, 7);
insert into alquiler (alquiler_id, fecha_inicio, fecha_fin, monto_base, empresa_id, vendedor_id) values (8, '2020-01-07', '2022-10-12', 180, 28, 8);
insert into alquiler (alquiler_id, fecha_inicio, fecha_fin, monto_base, empresa_id, vendedor_id) values (9, '2019-03-28', '2022-01-09', 181, 29, 9);
insert into alquiler (alquiler_id, fecha_inicio, fecha_fin, monto_base, empresa_id, vendedor_id) values (10, '2019-06-09', '2022-05-03', 182, 30, 10);
insert into alquiler (alquiler_id, fecha_inicio, fecha_fin, monto_base, empresa_id, vendedor_id) values (11, '2021-03-03', '2022-01-29', 183, 31, 11);
insert into alquiler (alquiler_id, fecha_inicio, fecha_fin, monto_base, empresa_id, vendedor_id) values (12, '2019-01-25', '2022-08-30', 184, 32, 12);
insert into alquiler (alquiler_id, fecha_inicio, fecha_fin, monto_base, empresa_id, vendedor_id) values (13, '2020-01-07', '2022-11-27', 185, 33, 13);
insert into alquiler (alquiler_id, fecha_inicio, fecha_fin, monto_base, empresa_id, vendedor_id) values (14, '2021-03-10', '2023-02-10', 186, 34, 14);
insert into alquiler (alquiler_id, fecha_inicio, fecha_fin, monto_base, empresa_id, vendedor_id) values (15, '2019-02-26', '2022-03-02', 187, 35, 15);
insert into alquiler (alquiler_id, fecha_inicio, fecha_fin, monto_base, empresa_id, vendedor_id) values (16, '2021-03-04', '2023-01-21', 188, 36, 16);
insert into alquiler (alquiler_id, fecha_inicio, fecha_fin, monto_base, empresa_id, vendedor_id) values (17, '2020-05-26', '2022-11-23', 189, 37, 17);
insert into alquiler (alquiler_id, fecha_inicio, fecha_fin, monto_base, empresa_id, vendedor_id) values (18, '2018-06-20', '2022-07-20', 190, 38, 18);
insert into alquiler (alquiler_id, fecha_inicio, fecha_fin, monto_base, empresa_id, vendedor_id) values (19, '2020-07-29', '2023-01-03', 191, 39, 19);
insert into alquiler (alquiler_id, fecha_inicio, fecha_fin, monto_base, empresa_id, vendedor_id) values (20, '2020-01-12', '2023-01-20', 192, 40, 20);
insert into alquiler (alquiler_id, fecha_inicio, fecha_fin, monto_base, empresa_id, vendedor_id) values (21, '2019-10-05', '2022-01-14', 193, 41, 21);
insert into alquiler (alquiler_id, fecha_inicio, fecha_fin, monto_base, empresa_id, vendedor_id) values (22, '2020-06-17', '2022-07-14', 194, 42, 22);
insert into alquiler (alquiler_id, fecha_inicio, fecha_fin, monto_base, empresa_id, vendedor_id) values (23, '2018-08-10', '2022-06-15', 195, 43, 23);
insert into alquiler (alquiler_id, fecha_inicio, fecha_fin, monto_base, empresa_id, vendedor_id) values (24, '2019-07-15', '2022-08-14', 196, 44, 24);
insert into alquiler (alquiler_id, fecha_inicio, fecha_fin, monto_base, empresa_id, vendedor_id) values (25, '2021-04-24', '2022-06-22', 197, 45, 25);
insert into alquiler (alquiler_id, fecha_inicio, fecha_fin, monto_base, empresa_id, vendedor_id) values (26, '2020-07-22', '2023-02-08', 198, 46, 26);
insert into alquiler (alquiler_id, fecha_inicio, fecha_fin, monto_base, empresa_id, vendedor_id) values (27, '2020-08-19', '2022-02-14', 199, 47, 27);
insert into alquiler (alquiler_id, fecha_inicio, fecha_fin, monto_base, empresa_id, vendedor_id) values (28, '2019-02-06', '2022-12-10', 200, 48, 28);
insert into alquiler (alquiler_id, fecha_inicio, fecha_fin, monto_base, empresa_id, vendedor_id) values (29, '2018-12-26', '2022-02-12', 201, 49, 29);
insert into alquiler (alquiler_id, fecha_inicio, fecha_fin, monto_base, empresa_id, vendedor_id) values (30, '2020-05-02', '2022-07-14', 202, 50, 30);
insert into alquiler (alquiler_id, fecha_inicio, fecha_fin, monto_base, empresa_id, vendedor_id) values (31, '2018-11-29', '2023-01-31', 203, 51, 31);
insert into alquiler (alquiler_id, fecha_inicio, fecha_fin, monto_base, empresa_id, vendedor_id) values (32, '2021-05-17', '2023-01-14', 204, 52, 32);
insert into alquiler (alquiler_id, fecha_inicio, fecha_fin, monto_base, empresa_id, vendedor_id) values (33, '2019-08-31', '2022-04-30', 205, 53, 33);
insert into alquiler (alquiler_id, fecha_inicio, fecha_fin, monto_base, empresa_id, vendedor_id) values (34, '2019-01-29', '2022-03-02', 206, 54, 34);
insert into alquiler (alquiler_id, fecha_inicio, fecha_fin, monto_base, empresa_id, vendedor_id) values (35, '2020-07-20', '2021-12-21', 207, 55, 35);
insert into alquiler (alquiler_id, fecha_inicio, fecha_fin, monto_base, empresa_id, vendedor_id) values (36, '2019-01-03', '2022-01-08', 208, 56, 36);
insert into alquiler (alquiler_id, fecha_inicio, fecha_fin, monto_base, empresa_id, vendedor_id) values (37, '2018-09-14', '2022-01-03', 209, 57, 37);
insert into alquiler (alquiler_id, fecha_inicio, fecha_fin, monto_base, empresa_id, vendedor_id) values (38, '2020-11-08', '2022-08-31', 210, 58, 38);
insert into alquiler (alquiler_id, fecha_inicio, fecha_fin, monto_base, empresa_id, vendedor_id) values (39, '2019-11-07', '2022-03-07', 211, 59, 39);
insert into alquiler (alquiler_id, fecha_inicio, fecha_fin, monto_base, empresa_id, vendedor_id) values (40, '2021-05-12', '2022-09-23', 212, 60, 40);
insert into alquiler (alquiler_id, fecha_inicio, fecha_fin, monto_base, empresa_id, vendedor_id) values (41, '2018-07-07', '2022-02-23', 213, 61, 41);
insert into alquiler (alquiler_id, fecha_inicio, fecha_fin, monto_base, empresa_id, vendedor_id) values (42, '2018-11-29', '2023-01-09', 214, 62, 42);
insert into alquiler (alquiler_id, fecha_inicio, fecha_fin, monto_base, empresa_id, vendedor_id) values (43, '2019-02-16', '2022-12-29', 215, 63, 43);
insert into alquiler (alquiler_id, fecha_inicio, fecha_fin, monto_base, empresa_id, vendedor_id) values (44, '2019-08-20', '2022-11-26', 216, 64, 44);
insert into alquiler (alquiler_id, fecha_inicio, fecha_fin, monto_base, empresa_id, vendedor_id) values (45, '2021-05-06', '2021-12-02', 217, 65, 45);
insert into alquiler (alquiler_id, fecha_inicio, fecha_fin, monto_base, empresa_id, vendedor_id) values (46, '2018-12-04', '2022-09-10', 218, 66, 46);
insert into alquiler (alquiler_id, fecha_inicio, fecha_fin, monto_base, empresa_id, vendedor_id) values (47, '2018-11-20', '2022-06-28', 219, 67, 47);
insert into alquiler (alquiler_id, fecha_inicio, fecha_fin, monto_base, empresa_id, vendedor_id) values (48, '2019-05-04', '2022-01-17', 220, 68, 48);
insert into alquiler (alquiler_id, fecha_inicio, fecha_fin, monto_base, empresa_id, vendedor_id) values (49, '2019-10-28', '2022-01-16', 221, 69, 49);
insert into alquiler (alquiler_id, fecha_inicio, fecha_fin, monto_base, empresa_id, vendedor_id) values (50, '2020-09-01', '2022-04-18', 222, 20, 50);
insert into alquiler (alquiler_id, fecha_inicio, fecha_fin, monto_base, empresa_id, vendedor_id) values (51, '2019-05-31', '2023-01-30', 223, 21, 51);
insert into alquiler (alquiler_id, fecha_inicio, fecha_fin, monto_base, empresa_id, vendedor_id) values (52, '2019-03-07', '2022-06-27', 224, 22, 52);
insert into alquiler (alquiler_id, fecha_inicio, fecha_fin, monto_base, empresa_id, vendedor_id) values (53, '2018-07-03', '2022-12-17', 225, 23, 53);
insert into alquiler (alquiler_id, fecha_inicio, fecha_fin, monto_base, empresa_id, vendedor_id) values (54, '2018-09-30', '2022-08-25', 226, 24, 54);
insert into alquiler (alquiler_id, fecha_inicio, fecha_fin, monto_base, empresa_id, vendedor_id) values (55, '2021-03-15', '2022-07-02', 227, 25, 55);
insert into alquiler (alquiler_id, fecha_inicio, fecha_fin, monto_base, empresa_id, vendedor_id) values (56, '2019-01-06', '2022-12-10', 228, 26, 56);
insert into alquiler (alquiler_id, fecha_inicio, fecha_fin, monto_base, empresa_id, vendedor_id) values (57, '2020-03-28', '2022-10-02', 229, 27, 57);
insert into alquiler (alquiler_id, fecha_inicio, fecha_fin, monto_base, empresa_id, vendedor_id) values (58, '2020-10-16', '2022-10-18', 230, 28, 58);
insert into alquiler (alquiler_id, fecha_inicio, fecha_fin, monto_base, empresa_id, vendedor_id) values (59, '2020-09-16', '2022-06-02', 231, 29, 59);
insert into alquiler (alquiler_id, fecha_inicio, fecha_fin, monto_base, empresa_id, vendedor_id) values (60, '2019-02-04', '2022-11-23', 232, 30, 60);
insert into alquiler (alquiler_id, fecha_inicio, fecha_fin, monto_base, empresa_id, vendedor_id) values (61, '2020-07-16', '2023-01-09', 233, 31, 61);
insert into alquiler (alquiler_id, fecha_inicio, fecha_fin, monto_base, empresa_id, vendedor_id) values (62, '2020-04-06', '2022-03-09', 234, 32, 62);
insert into alquiler (alquiler_id, fecha_inicio, fecha_fin, monto_base, empresa_id, vendedor_id) values (63, '2020-10-02', '2022-04-13', 235, 33, 63);
insert into alquiler (alquiler_id, fecha_inicio, fecha_fin, monto_base, empresa_id, vendedor_id) values (64, '2019-02-13', '2022-06-16', 236, 34, 64);
insert into alquiler (alquiler_id, fecha_inicio, fecha_fin, monto_base, empresa_id, vendedor_id) values (65, '2019-09-09', '2023-01-29', 237, 35, 65);
insert into alquiler (alquiler_id, fecha_inicio, fecha_fin, monto_base, empresa_id, vendedor_id) values (66, '2021-01-25', '2021-12-13', 238, 36, 66);
insert into alquiler (alquiler_id, fecha_inicio, fecha_fin, monto_base, empresa_id, vendedor_id) values (67, '2021-06-10', '2022-09-27', 239, 37, 67);
insert into alquiler (alquiler_id, fecha_inicio, fecha_fin, monto_base, empresa_id, vendedor_id) values (68, '2018-07-06', '2022-01-19', 240, 38, 68);
insert into alquiler (alquiler_id, fecha_inicio, fecha_fin, monto_base, empresa_id, vendedor_id) values (69, '2020-08-16', '2021-12-08', 241, 39, 69);
insert into alquiler (alquiler_id, fecha_inicio, fecha_fin, monto_base, empresa_id, vendedor_id) values (70, '2021-03-27', '2022-08-18', 242, 40, 70);
insert into alquiler (alquiler_id, fecha_inicio, fecha_fin, monto_base, empresa_id, vendedor_id) values (71, '2021-04-29', '2022-04-03', 243, 41, 71);
insert into alquiler (alquiler_id, fecha_inicio, fecha_fin, monto_base, empresa_id, vendedor_id) values (72, '2018-09-14', '2022-09-22', 244, 42, 72);
insert into alquiler (alquiler_id, fecha_inicio, fecha_fin, monto_base, empresa_id, vendedor_id) values (73, '2019-09-21', '2022-02-17', 245, 43, 73);
insert into alquiler (alquiler_id, fecha_inicio, fecha_fin, monto_base, empresa_id, vendedor_id) values (74, '2020-05-19', '2022-08-25', 246, 44, 74);
insert into alquiler (alquiler_id, fecha_inicio, fecha_fin, monto_base, empresa_id, vendedor_id) values (75, '2020-06-18', '2022-08-23', 247, 45, 75);
insert into alquiler (alquiler_id, fecha_inicio, fecha_fin, monto_base, empresa_id, vendedor_id) values (76, '2019-11-15', '2022-03-22', 248, 46, 76);
insert into alquiler (alquiler_id, fecha_inicio, fecha_fin, monto_base, empresa_id, vendedor_id) values (77, '2019-02-11', '2023-02-02', 249, 47, 77);
insert into alquiler (alquiler_id, fecha_inicio, fecha_fin, monto_base, empresa_id, vendedor_id) values (78, '2020-10-12', '2022-10-14', 250, 48, 78);
insert into alquiler (alquiler_id, fecha_inicio, fecha_fin, monto_base, empresa_id, vendedor_id) values (79, '2019-10-09', '2022-01-25', 251, 49, 79);
insert into alquiler (alquiler_id, fecha_inicio, fecha_fin, monto_base, empresa_id, vendedor_id) values (80, '2020-07-10', '2022-09-18', 252, 50, 80);
insert into alquiler (alquiler_id, fecha_inicio, fecha_fin, monto_base, empresa_id, vendedor_id) values (81, '2020-05-03', '2021-11-21', 253, 51, 81);
insert into alquiler (alquiler_id, fecha_inicio, fecha_fin, monto_base, empresa_id, vendedor_id) values (82, '2018-07-06', '2022-07-02', 254, 52, 82);
insert into alquiler (alquiler_id, fecha_inicio, fecha_fin, monto_base, empresa_id, vendedor_id) values (83, '2020-02-26', '2022-02-10', 255, 53, 83);
insert into alquiler (alquiler_id, fecha_inicio, fecha_fin, monto_base, empresa_id, vendedor_id) values (84, '2020-05-27', '2021-11-18', 256, 54, 84);
insert into alquiler (alquiler_id, fecha_inicio, fecha_fin, monto_base, empresa_id, vendedor_id) values (85, '2020-11-06', '2022-10-31', 257, 55, 85);
insert into alquiler (alquiler_id, fecha_inicio, fecha_fin, monto_base, empresa_id, vendedor_id) values (86, '2018-10-07', '2022-12-04', 258, 56, 86);
insert into alquiler (alquiler_id, fecha_inicio, fecha_fin, monto_base, empresa_id, vendedor_id) values (87, '2021-03-27', '2022-07-17', 259, 57, 87);
insert into alquiler (alquiler_id, fecha_inicio, fecha_fin, monto_base, empresa_id, vendedor_id) values (88, '2021-02-27', '2023-02-10', 260, 58, 88);
insert into alquiler (alquiler_id, fecha_inicio, fecha_fin, monto_base, empresa_id, vendedor_id) values (89, '2021-03-17', '2022-10-31', 261, 59, 89);
insert into alquiler (alquiler_id, fecha_inicio, fecha_fin, monto_base, empresa_id, vendedor_id) values (90, '2019-03-07', '2022-06-03', 262, 60, 90);
insert into alquiler (alquiler_id, fecha_inicio, fecha_fin, monto_base, empresa_id, vendedor_id) values (91, '2018-08-29', '2022-12-19', 263, 61, 91);
insert into alquiler (alquiler_id, fecha_inicio, fecha_fin, monto_base, empresa_id, vendedor_id) values (92, '2018-07-27', '2021-12-26', 264, 62, 92);
insert into alquiler (alquiler_id, fecha_inicio, fecha_fin, monto_base, empresa_id, vendedor_id) values (93, '2021-05-28', '2022-08-21', 265, 63, 93);
insert into alquiler (alquiler_id, fecha_inicio, fecha_fin, monto_base, empresa_id, vendedor_id) values (94, '2020-04-14', '2022-07-29', 266, 64, 94);
insert into alquiler (alquiler_id, fecha_inicio, fecha_fin, monto_base, empresa_id, vendedor_id) values (95, '2019-07-16', '2022-05-13', 267, 65, 95);
insert into alquiler (alquiler_id, fecha_inicio, fecha_fin, monto_base, empresa_id, vendedor_id) values (96, '2020-12-25', '2022-05-05', 268, 66, 96);
insert into alquiler (alquiler_id, fecha_inicio, fecha_fin, monto_base, empresa_id, vendedor_id) values (97, '2019-03-20', '2022-11-06', 269, 67, 97);
insert into alquiler (alquiler_id, fecha_inicio, fecha_fin, monto_base, empresa_id, vendedor_id) values (98, '2020-12-23', '2022-04-22', 270, 68, 98);
insert into alquiler (alquiler_id, fecha_inicio, fecha_fin, monto_base, empresa_id, vendedor_id) values (99, '2019-03-10', '2022-05-18', 271, 69, 99);
insert into alquiler (alquiler_id, fecha_inicio, fecha_fin, monto_base, empresa_id, vendedor_id) values (100, '2018-08-30', '2022-01-24', 272, 20, 100);


insert into pertenece (pertenece_id, fecha_inicio, fecha_fin, planta_id, alquiler_id) values (1, '2018-08-15', '2022-01-22', 23, 87);
insert into pertenece (pertenece_id, fecha_inicio, fecha_fin, planta_id, alquiler_id) values (2, '2020-09-13', '2022-12-24', 93, 71);
insert into pertenece (pertenece_id, fecha_inicio, fecha_fin, planta_id, alquiler_id) values (3, '2019-10-30', '2022-11-16', 28, 25);
insert into pertenece (pertenece_id, fecha_inicio, fecha_fin, planta_id, alquiler_id) values (4, '2019-01-08', '2022-03-04', 71, 48);
insert into pertenece (pertenece_id, fecha_inicio, fecha_fin, planta_id, alquiler_id) values (5, '2020-08-14', '2022-02-10', 5, 85);
insert into pertenece (pertenece_id, fecha_inicio, fecha_fin, planta_id, alquiler_id) values (6, '2021-06-05', '2022-04-19', 81, 10);
insert into pertenece (pertenece_id, fecha_inicio, fecha_fin, planta_id, alquiler_id) values (7, '2018-07-01', '2022-05-17', 68, 78);
insert into pertenece (pertenece_id, fecha_inicio, fecha_fin, planta_id, alquiler_id) values (8, '2020-03-11', '2022-08-07', 100, 41);
insert into pertenece (pertenece_id, fecha_inicio, fecha_fin, planta_id, alquiler_id) values (9, '2019-08-07', '2022-09-10', 27, 7);
insert into pertenece (pertenece_id, fecha_inicio, fecha_fin, planta_id, alquiler_id) values (10, '2019-03-01', '2022-02-11', 22, 47);
insert into pertenece (pertenece_id, fecha_inicio, fecha_fin, planta_id, alquiler_id) values (11, '2021-05-18', '2022-10-28', 13, 14);
insert into pertenece (pertenece_id, fecha_inicio, fecha_fin, planta_id, alquiler_id) values (12, '2019-12-16', '2022-10-10', 52, 97);
insert into pertenece (pertenece_id, fecha_inicio, fecha_fin, planta_id, alquiler_id) values (13, '2019-02-12', '2022-09-20', 39, 85);
insert into pertenece (pertenece_id, fecha_inicio, fecha_fin, planta_id, alquiler_id) values (14, '2019-04-14', '2022-03-12', 88, 64);
insert into pertenece (pertenece_id, fecha_inicio, fecha_fin, planta_id, alquiler_id) values (15, '2019-05-08', '2022-04-14', 100, 47);
insert into pertenece (pertenece_id, fecha_inicio, fecha_fin, planta_id, alquiler_id) values (16, '2019-12-18', '2022-01-10', 10, 71);
insert into pertenece (pertenece_id, fecha_inicio, fecha_fin, planta_id, alquiler_id) values (17, '2018-09-06', '2022-06-11', 77, 99);
insert into pertenece (pertenece_id, fecha_inicio, fecha_fin, planta_id, alquiler_id) values (18, '2019-12-05', '2022-12-15', 38, 33);
insert into pertenece (pertenece_id, fecha_inicio, fecha_fin, planta_id, alquiler_id) values (19, '2019-05-30', '2022-10-04', 21, 21);
insert into pertenece (pertenece_id, fecha_inicio, fecha_fin, planta_id, alquiler_id) values (20, '2019-05-09', '2022-03-14', 87, 28);
insert into pertenece (pertenece_id, fecha_inicio, fecha_fin, planta_id, alquiler_id) values (21, '2021-06-11', '2022-04-28', 14, 98);
insert into pertenece (pertenece_id, fecha_inicio, fecha_fin, planta_id, alquiler_id) values (22, '2020-06-10', '2022-09-22', 24, 75);
insert into pertenece (pertenece_id, fecha_inicio, fecha_fin, planta_id, alquiler_id) values (23, '2020-09-15', '2022-03-09', 30, 88);
insert into pertenece (pertenece_id, fecha_inicio, fecha_fin, planta_id, alquiler_id) values (24, '2021-03-14', '2022-06-29', 48, 24);
insert into pertenece (pertenece_id, fecha_inicio, fecha_fin, planta_id, alquiler_id) values (25, '2021-01-25', '2022-02-05', 63, 99);
insert into pertenece (pertenece_id, fecha_inicio, fecha_fin, planta_id, alquiler_id) values (26, '2020-03-19', '2022-04-02', 35, 85);
insert into pertenece (pertenece_id, fecha_inicio, fecha_fin, planta_id, alquiler_id) values (27, '2020-09-05', '2022-01-19', 93, 32);
insert into pertenece (pertenece_id, fecha_inicio, fecha_fin, planta_id, alquiler_id) values (28, '2021-01-30', '2022-09-20', 5, 94);
insert into pertenece (pertenece_id, fecha_inicio, fecha_fin, planta_id, alquiler_id) values (29, '2020-02-08', '2022-11-28', 65, 69);
insert into pertenece (pertenece_id, fecha_inicio, fecha_fin, planta_id, alquiler_id) values (30, '2020-06-20', '2022-03-03', 100, 15);
insert into pertenece (pertenece_id, fecha_inicio, fecha_fin, planta_id, alquiler_id) values (31, '2019-03-16', '2022-11-09', 29, 8);
insert into pertenece (pertenece_id, fecha_inicio, fecha_fin, planta_id, alquiler_id) values (32, '2019-03-14', '2022-11-19', 23, 2);
insert into pertenece (pertenece_id, fecha_inicio, fecha_fin, planta_id, alquiler_id) values (33, '2021-02-03', '2023-01-14', 93, 79);
insert into pertenece (pertenece_id, fecha_inicio, fecha_fin, planta_id, alquiler_id) values (34, '2019-12-20', '2022-05-21', 60, 38);
insert into pertenece (pertenece_id, fecha_inicio, fecha_fin, planta_id, alquiler_id) values (35, '2020-12-08', '2022-01-31', 81, 1);
insert into pertenece (pertenece_id, fecha_inicio, fecha_fin, planta_id, alquiler_id) values (36, '2018-11-02', '2022-12-19', 44, 100);
insert into pertenece (pertenece_id, fecha_inicio, fecha_fin, planta_id, alquiler_id) values (37, '2019-12-17', '2021-11-22', 56, 23);
insert into pertenece (pertenece_id, fecha_inicio, fecha_fin, planta_id, alquiler_id) values (38, '2021-06-12', '2023-02-02', 17, 97);
insert into pertenece (pertenece_id, fecha_inicio, fecha_fin, planta_id, alquiler_id) values (39, '2020-10-11', '2022-03-03', 8, 55);
insert into pertenece (pertenece_id, fecha_inicio, fecha_fin, planta_id, alquiler_id) values (40, '2019-05-11', '2022-08-26', 77, 60);
insert into pertenece (pertenece_id, fecha_inicio, fecha_fin, planta_id, alquiler_id) values (41, '2020-02-04', '2022-12-01', 70, 92);
insert into pertenece (pertenece_id, fecha_inicio, fecha_fin, planta_id, alquiler_id) values (42, '2018-07-12', '2022-09-14', 16, 23);
insert into pertenece (pertenece_id, fecha_inicio, fecha_fin, planta_id, alquiler_id) values (43, '2021-04-10', '2022-01-01', 6, 73);
insert into pertenece (pertenece_id, fecha_inicio, fecha_fin, planta_id, alquiler_id) values (44, '2019-06-07', '2022-09-10', 75, 65);
insert into pertenece (pertenece_id, fecha_inicio, fecha_fin, planta_id, alquiler_id) values (45, '2020-07-31', '2022-03-26', 10, 24);
insert into pertenece (pertenece_id, fecha_inicio, fecha_fin, planta_id, alquiler_id) values (46, '2019-07-14', '2022-06-11', 83, 51);
insert into pertenece (pertenece_id, fecha_inicio, fecha_fin, planta_id, alquiler_id) values (47, '2018-06-26', '2022-09-11', 8, 27);
insert into pertenece (pertenece_id, fecha_inicio, fecha_fin, planta_id, alquiler_id) values (48, '2019-01-18', '2022-09-23', 89, 5);
insert into pertenece (pertenece_id, fecha_inicio, fecha_fin, planta_id, alquiler_id) values (49, '2021-04-15', '2022-04-30', 27, 58);
insert into pertenece (pertenece_id, fecha_inicio, fecha_fin, planta_id, alquiler_id) values (50, '2019-02-06', '2022-12-17', 33, 51);
insert into pertenece (pertenece_id, fecha_inicio, fecha_fin, planta_id, alquiler_id) values (51, '2020-07-14', '2023-01-02', 40, 34);
insert into pertenece (pertenece_id, fecha_inicio, fecha_fin, planta_id, alquiler_id) values (52, '2018-12-16', '2022-07-10', 66, 92);
insert into pertenece (pertenece_id, fecha_inicio, fecha_fin, planta_id, alquiler_id) values (53, '2020-06-15', '2022-04-28', 34, 30);
insert into pertenece (pertenece_id, fecha_inicio, fecha_fin, planta_id, alquiler_id) values (54, '2020-08-23', '2022-08-18', 65, 34);
insert into pertenece (pertenece_id, fecha_inicio, fecha_fin, planta_id, alquiler_id) values (55, '2020-07-03', '2022-08-06', 47, 29);
insert into pertenece (pertenece_id, fecha_inicio, fecha_fin, planta_id, alquiler_id) values (56, '2018-07-09', '2022-04-29', 75, 18);
insert into pertenece (pertenece_id, fecha_inicio, fecha_fin, planta_id, alquiler_id) values (57, '2018-09-03', '2021-11-30', 3, 2);
insert into pertenece (pertenece_id, fecha_inicio, fecha_fin, planta_id, alquiler_id) values (58, '2018-08-20', '2022-03-02', 85, 78);
insert into pertenece (pertenece_id, fecha_inicio, fecha_fin, planta_id, alquiler_id) values (59, '2018-06-14', '2022-06-07', 55, 74);
insert into pertenece (pertenece_id, fecha_inicio, fecha_fin, planta_id, alquiler_id) values (60, '2019-10-20', '2022-04-05', 20, 73);
insert into pertenece (pertenece_id, fecha_inicio, fecha_fin, planta_id, alquiler_id) values (61, '2020-07-16', '2022-11-18', 31, 34);
insert into pertenece (pertenece_id, fecha_inicio, fecha_fin, planta_id, alquiler_id) values (62, '2020-10-01', '2022-12-21', 75, 18);
insert into pertenece (pertenece_id, fecha_inicio, fecha_fin, planta_id, alquiler_id) values (63, '2019-05-23', '2021-11-25', 1, 7);
insert into pertenece (pertenece_id, fecha_inicio, fecha_fin, planta_id, alquiler_id) values (64, '2021-06-14', '2022-06-15', 37, 11);
insert into pertenece (pertenece_id, fecha_inicio, fecha_fin, planta_id, alquiler_id) values (65, '2021-02-24', '2023-01-05', 50, 61);
insert into pertenece (pertenece_id, fecha_inicio, fecha_fin, planta_id, alquiler_id) values (66, '2019-06-11', '2021-12-05', 57, 46);
insert into pertenece (pertenece_id, fecha_inicio, fecha_fin, planta_id, alquiler_id) values (67, '2019-12-24', '2022-02-17', 57, 35);
insert into pertenece (pertenece_id, fecha_inicio, fecha_fin, planta_id, alquiler_id) values (68, '2021-01-24', '2023-02-09', 64, 84);
insert into pertenece (pertenece_id, fecha_inicio, fecha_fin, planta_id, alquiler_id) values (69, '2019-02-14', '2022-01-24', 50, 55);
insert into pertenece (pertenece_id, fecha_inicio, fecha_fin, planta_id, alquiler_id) values (70, '2020-06-10', '2022-02-15', 27, 49);
insert into pertenece (pertenece_id, fecha_inicio, fecha_fin, planta_id, alquiler_id) values (71, '2020-04-29', '2022-01-11', 38, 22);
insert into pertenece (pertenece_id, fecha_inicio, fecha_fin, planta_id, alquiler_id) values (72, '2018-08-08', '2022-05-15', 38, 89);
insert into pertenece (pertenece_id, fecha_inicio, fecha_fin, planta_id, alquiler_id) values (73, '2021-01-07', '2022-06-22', 86, 96);
insert into pertenece (pertenece_id, fecha_inicio, fecha_fin, planta_id, alquiler_id) values (74, '2020-10-26', '2022-10-17', 97, 85);
insert into pertenece (pertenece_id, fecha_inicio, fecha_fin, planta_id, alquiler_id) values (75, '2020-03-12', '2022-09-01', 77, 19);
insert into pertenece (pertenece_id, fecha_inicio, fecha_fin, planta_id, alquiler_id) values (76, '2018-10-14', '2022-08-25', 77, 100);
insert into pertenece (pertenece_id, fecha_inicio, fecha_fin, planta_id, alquiler_id) values (77, '2019-04-23', '2022-10-02', 24, 15);
insert into pertenece (pertenece_id, fecha_inicio, fecha_fin, planta_id, alquiler_id) values (78, '2018-11-25', '2022-07-15', 68, 67);
insert into pertenece (pertenece_id, fecha_inicio, fecha_fin, planta_id, alquiler_id) values (79, '2019-12-12', '2022-09-08', 67, 24);
insert into pertenece (pertenece_id, fecha_inicio, fecha_fin, planta_id, alquiler_id) values (80, '2021-03-07', '2021-12-31', 75, 10);
insert into pertenece (pertenece_id, fecha_inicio, fecha_fin, planta_id, alquiler_id) values (81, '2020-11-26', '2022-04-21', 69, 63);
insert into pertenece (pertenece_id, fecha_inicio, fecha_fin, planta_id, alquiler_id) values (82, '2018-08-09', '2022-12-30', 70, 48);
insert into pertenece (pertenece_id, fecha_inicio, fecha_fin, planta_id, alquiler_id) values (83, '2021-05-18', '2022-09-21', 23, 37);
insert into pertenece (pertenece_id, fecha_inicio, fecha_fin, planta_id, alquiler_id) values (84, '2019-01-21', '2022-01-23', 1, 15);
insert into pertenece (pertenece_id, fecha_inicio, fecha_fin, planta_id, alquiler_id) values (85, '2020-01-25', '2022-10-23', 53, 87);
insert into pertenece (pertenece_id, fecha_inicio, fecha_fin, planta_id, alquiler_id) values (86, '2020-10-05', '2022-11-07', 68, 5);
insert into pertenece (pertenece_id, fecha_inicio, fecha_fin, planta_id, alquiler_id) values (87, '2019-08-15', '2022-12-25', 38, 74);
insert into pertenece (pertenece_id, fecha_inicio, fecha_fin, planta_id, alquiler_id) values (88, '2020-06-27', '2022-11-29', 31, 67);
insert into pertenece (pertenece_id, fecha_inicio, fecha_fin, planta_id, alquiler_id) values (89, '2019-11-14', '2022-04-08', 26, 19);
insert into pertenece (pertenece_id, fecha_inicio, fecha_fin, planta_id, alquiler_id) values (90, '2020-07-07', '2022-09-20', 82, 21);
insert into pertenece (pertenece_id, fecha_inicio, fecha_fin, planta_id, alquiler_id) values (91, '2021-05-28', '2022-10-20', 87, 3);
insert into pertenece (pertenece_id, fecha_inicio, fecha_fin, planta_id, alquiler_id) values (92, '2019-12-25', '2022-03-16', 49, 66);
insert into pertenece (pertenece_id, fecha_inicio, fecha_fin, planta_id, alquiler_id) values (93, '2020-03-06', '2022-12-30', 89, 27);
insert into pertenece (pertenece_id, fecha_inicio, fecha_fin, planta_id, alquiler_id) values (94, '2021-01-28', '2023-01-26', 30, 45);
insert into pertenece (pertenece_id, fecha_inicio, fecha_fin, planta_id, alquiler_id) values (95, '2019-09-30', '2022-01-14', 48, 13);
insert into pertenece (pertenece_id, fecha_inicio, fecha_fin, planta_id, alquiler_id) values (96, '2021-01-11', '2022-02-01', 58, 30);
insert into pertenece (pertenece_id, fecha_inicio, fecha_fin, planta_id, alquiler_id) values (97, '2018-08-16', '2023-01-21', 17, 30);
insert into pertenece (pertenece_id, fecha_inicio, fecha_fin, planta_id, alquiler_id) values (98, '2021-03-30', '2022-12-29', 8, 4);
insert into pertenece (pertenece_id, fecha_inicio, fecha_fin, planta_id, alquiler_id) values (99, '2020-06-19', '2022-07-01', 90, 11);
insert into pertenece (pertenece_id, fecha_inicio, fecha_fin, planta_id, alquiler_id) values (100, '2018-10-26', '2023-02-08', 4, 96);


insert into remito (remito_id, fecha, monto, alquiler_id, cobro_id, conformidad, detalle) values (1, '2020-10-04', 5537, 97, 70, true, 'voXzwJ8O51pifyrhmfzx4xh2oKus95jap');
insert into remito (remito_id, fecha, monto, alquiler_id, cobro_id, conformidad, detalle) values (2, '2021-06-14', 8461, 2, 76, true, 'YGOEEeTmsNSFhBdTbJsWWjRfaICAHOWdr');
insert into remito (remito_id, fecha, monto, alquiler_id, cobro_id, conformidad, detalle) values (3, '2019-11-06', 9632, 18, 25, false, 'X9EBwbEvArIwifXS6h7RXgo63Rl2umgWC');
insert into remito (remito_id, fecha, monto, alquiler_id, cobro_id, conformidad, detalle) values (4, '2021-05-26', 6903, 76, 27, true, 'Et4O9qXwa6DLnCdrJhV8USmlYRCUyTduH');
insert into remito (remito_id, fecha, monto, alquiler_id, cobro_id, conformidad, detalle) values (5, '2021-05-22', 9986, 67, 51, true, '8glxjsY5K8lL7HRDDvyCnVoM1i0Sfj5ym');
insert into remito (remito_id, fecha, monto, alquiler_id, cobro_id, conformidad, detalle) values (6, '2019-10-11', 7027, 43, 1, false, 'D4NU0UFvr5ehHfgMS1ZPzSzWcO4LjamXX');
insert into remito (remito_id, fecha, monto, alquiler_id, cobro_id, conformidad, detalle) values (7, '2020-12-01', 8819, 98, 59, true, 'BondkBsbBdw2N0AQANQxUfIZyrSJK9VAM');
insert into remito (remito_id, fecha, monto, alquiler_id, cobro_id, conformidad, detalle) values (8, '2019-08-01', 8850, 42, 36, false, 'xQ465WOIAh8cFbdBh6boJJeQ1S8sPcHbv');
insert into remito (remito_id, fecha, monto, alquiler_id, cobro_id, conformidad, detalle) values (9, '2021-03-03', 9289, 73, 55, false, 'emt8eTt80DkWFmEQLIyqXEt7or3n87Z8x');
insert into remito (remito_id, fecha, monto, alquiler_id, cobro_id, conformidad, detalle) values (10, '2019-04-11', 7312, 47, 87, true, 'I6gTWWErYlL5P4toByArh7LdMB56Rfqxo');
insert into remito (remito_id, fecha, monto, alquiler_id, cobro_id, conformidad, detalle) values (11, '2020-01-23', 9120, 22, 46, true, 'R3fcEJmHcyvyfJ4kHRwVkr36XYKRyfrVN');
insert into remito (remito_id, fecha, monto, alquiler_id, cobro_id, conformidad, detalle) values (12, '2018-08-12', 5682, 100, 88, false, '9Y0jf8tFf9VJ33DAnqQu36yxt7OBxhk5V');
insert into remito (remito_id, fecha, monto, alquiler_id, cobro_id, conformidad, detalle) values (13, '2021-04-26', 5463, 24, 20, false, 'tKkcduA57DdwSCgXykE3NUyFD6TaWSv04');
insert into remito (remito_id, fecha, monto, alquiler_id, cobro_id, conformidad, detalle) values (14, '2020-12-16', 5980, 2, 76, true, 'LtETpMz3pNODnSf4lsczYwktsnhl5RmhZ');
insert into remito (remito_id, fecha, monto, alquiler_id, cobro_id, conformidad, detalle) values (15, '2021-04-28', 8856, 49, 69, false, 'ZxQt6hRfdMk9qOdtObQhUbS6xqkHs3R8C');
insert into remito (remito_id, fecha, monto, alquiler_id, cobro_id, conformidad, detalle) values (16, '2021-04-26', 6145, 40, 35, false, 'iHXS5kCAo5lHN0zlCmPGm1VJ8TpGpidnC');
insert into remito (remito_id, fecha, monto, alquiler_id, cobro_id, conformidad, detalle) values (17, '2019-11-13', 7379, 95, 95, false, 'jlhvFjfZcu4KPHgG1wFx0ZSeELZ4vMDqT');
insert into remito (remito_id, fecha, monto, alquiler_id, cobro_id, conformidad, detalle) values (18, '2018-06-09', 8454, 96, 99, true, '67Xam9VRlcTHL3vfbNhsA9WnBGcpdcBbz');
insert into remito (remito_id, fecha, monto, alquiler_id, cobro_id, conformidad, detalle) values (19, '2020-07-23', 5251, 92, 36, true, 'yczvFMO97CFjj2B3rRmCM35ZxgpcFYhuz');
insert into remito (remito_id, fecha, monto, alquiler_id, cobro_id, conformidad, detalle) values (20, '2021-03-16', 9654, 11, 18, true, 'zlDlBVZ3L2FjGeRnjpZTFhbRwxgBr4mFN');
insert into remito (remito_id, fecha, monto, alquiler_id, cobro_id, conformidad, detalle) values (21, '2019-11-01', 9224, 15, 82, true, 'UVbAXPTK8A70IMPXkHMgRK3xFVYWMyi3g');
insert into remito (remito_id, fecha, monto, alquiler_id, cobro_id, conformidad, detalle) values (22, '2021-02-17', 6538, 78, 65, true, 'FiNozqZ58cy6uHidHGFY6v0bIZqqcn7ZI');
insert into remito (remito_id, fecha, monto, alquiler_id, cobro_id, conformidad, detalle) values (23, '2020-02-26', 5935, 61, 1, true, 'm4KzaoFp5oUCrMMRmldQ5X5TRG51nlGYI');
insert into remito (remito_id, fecha, monto, alquiler_id, cobro_id, conformidad, detalle) values (24, '2019-06-05', 8684, 88, 31, false, 'fiX4QHgjCYyOT8BRZNGPGJJafyJ07FzJW');
insert into remito (remito_id, fecha, monto, alquiler_id, cobro_id, conformidad, detalle) values (25, '2020-09-11', 7427, 78, 88, true, 'ODiA1EM1BgmLN0hhukmXMvVmiP6yLHbTG');
insert into remito (remito_id, fecha, monto, alquiler_id, cobro_id, conformidad, detalle) values (26, '2019-07-01', 7636, 1, 14, true, 'lNIY2TUJcpwKwIYJAXfZNW6WQQDewMThO');
insert into remito (remito_id, fecha, monto, alquiler_id, cobro_id, conformidad, detalle) values (27, '2021-02-21', 7340, 18, 15, false, 'L1gZvAYh7SJVIOm3a8oSGBF4hyiqkGUoU');
insert into remito (remito_id, fecha, monto, alquiler_id, cobro_id, conformidad, detalle) values (28, '2019-10-18', 9050, 60, 21, true, 'DGdbBJitn1ZJGVlA3gNUS3xPvi7fWJTmm');
insert into remito (remito_id, fecha, monto, alquiler_id, cobro_id, conformidad, detalle) values (29, '2019-03-07', 9065, 56, 96, false, 'igG2jjiKZTih6KToAJ2yZfiz459GN9aG4');
insert into remito (remito_id, fecha, monto, alquiler_id, cobro_id, conformidad, detalle) values (30, '2020-07-04', 7436, 70, 34, false, '1AuANqogzNN5iqecR1ZwUqh6xiQmGeOkF');
insert into remito (remito_id, fecha, monto, alquiler_id, cobro_id, conformidad, detalle) values (31, '2020-03-03', 7481, 40, 18, false, 'I9t7uq0eMJ6k2JpMCefV2SIaxZEvdNWIg');
insert into remito (remito_id, fecha, monto, alquiler_id, cobro_id, conformidad, detalle) values (32, '2019-06-18', 6937, 48, 47, true, '9rPL51JudcRcscp2u2ivls18S87T4e0R9');
insert into remito (remito_id, fecha, monto, alquiler_id, cobro_id, conformidad, detalle) values (33, '2020-07-11', 7741, 48, 43, false, 'JM85nn6xPkAYHhjLyP7pzgZAiY0jNA33d');
insert into remito (remito_id, fecha, monto, alquiler_id, cobro_id, conformidad, detalle) values (34, '2018-08-22', 6322, 36, 39, false, 'gjaP4XV2Fr3UTAtJ5QM0YbV8UdsQe7Q3x');
insert into remito (remito_id, fecha, monto, alquiler_id, cobro_id, conformidad, detalle) values (35, '2020-10-13', 9888, 13, 98, true, 'SGX1efk1XSESuTSJUb5Ze6KsIMlONAdcL');
insert into remito (remito_id, fecha, monto, alquiler_id, cobro_id, conformidad, detalle) values (36, '2019-07-17', 5834, 9, 9, true, 'VrvHAJhNa0ssvd3p5qzRRMNfGiia17MJh');
insert into remito (remito_id, fecha, monto, alquiler_id, cobro_id, conformidad, detalle) values (37, '2020-06-30', 5996, 3, 88, false, 'rM1F1cu5ExlX3EV93RyhdpGNy3t8nSq8z');
insert into remito (remito_id, fecha, monto, alquiler_id, cobro_id, conformidad, detalle) values (38, '2021-02-26', 9513, 66, 29, false, 'xewXKChmlU6fGaKhha6SbrBWn47lXqJfo');
insert into remito (remito_id, fecha, monto, alquiler_id, cobro_id, conformidad, detalle) values (39, '2019-11-17', 5906, 76, 80, false, 'BJmC6QVGwUKwkFrLnyNn2H6XIbdSdLWfA');
insert into remito (remito_id, fecha, monto, alquiler_id, cobro_id, conformidad, detalle) values (40, '2021-03-28', 6892, 4, 91, true, 'bBdNULepyfzV7YS1Y81rTwzmDSs7AUWqQ');
insert into remito (remito_id, fecha, monto, alquiler_id, cobro_id, conformidad, detalle) values (41, '2019-08-27', 7194, 40, 10, true, 'KjPPv65Dlpd5v9YUcyZ35qdLugkCh12vm');
insert into remito (remito_id, fecha, monto, alquiler_id, cobro_id, conformidad, detalle) values (42, '2020-09-14', 5591, 83, 35, true, 'gzIZCPZfLTHstFYqpIkSAnuXWuNSEK5BA');
insert into remito (remito_id, fecha, monto, alquiler_id, cobro_id, conformidad, detalle) values (43, '2019-11-05', 9274, 45, 93, false, 'aMYr7yZ7jeOZI7WGsoSh6YrKy0PiC43ZV');
insert into remito (remito_id, fecha, monto, alquiler_id, cobro_id, conformidad, detalle) values (44, '2020-09-17', 6676, 46, 100, false, 'ovCRBAUCEe637KBsCZgHtb3xsZkzOy1zw');
insert into remito (remito_id, fecha, monto, alquiler_id, cobro_id, conformidad, detalle) values (45, '2020-03-31', 6810, 33, 86, true, 'FcKqXqlaO1vdCYgUVG0ZddkYw0A1vZaqD');
insert into remito (remito_id, fecha, monto, alquiler_id, cobro_id, conformidad, detalle) values (46, '2019-02-22', 9610, 15, 9, false, 'cvPliPhBkbRaRvSamaBTbe37TVo3ixeCr');
insert into remito (remito_id, fecha, monto, alquiler_id, cobro_id, conformidad, detalle) values (47, '2021-03-01', 8673, 52, 47, false, 'EvV2aVw6TFhphkseVZskLmnRygsP8OonA');
insert into remito (remito_id, fecha, monto, alquiler_id, cobro_id, conformidad, detalle) values (48, '2020-03-19', 8390, 11, 49, false, 'xkN9IiYjcMXyDmrkPCWKQkhUGejDSSCXT');
insert into remito (remito_id, fecha, monto, alquiler_id, cobro_id, conformidad, detalle) values (49, '2019-10-05', 5494, 64, 31, true, 'irVqa9cRNMT8rhSHPGA7ZATMmozKZq5Ze');
insert into remito (remito_id, fecha, monto, alquiler_id, cobro_id, conformidad, detalle) values (50, '2018-12-02', 6595, 53, 42, true, 'RagxRYndhFEcQemuzXYjNeRt9tAa3LCDe');
insert into remito (remito_id, fecha, monto, alquiler_id, cobro_id, conformidad, detalle) values (51, '2021-03-15', 9161, 39, 85, false, 'GDVGNqwsAuej1RDDh2EoYHaYTN9AxdMY2');
insert into remito (remito_id, fecha, monto, alquiler_id, cobro_id, conformidad, detalle) values (52, '2019-12-06', 9108, 11, 21, false, 'n99KKDFMV7NuivtxLzMh9b0iakqHhRh20');
insert into remito (remito_id, fecha, monto, alquiler_id, cobro_id, conformidad, detalle) values (53, '2021-06-07', 8818, 73, 82, true, 'rKOBQ775VhqUhLr72jzTXCYnjR3fn3l1g');
insert into remito (remito_id, fecha, monto, alquiler_id, cobro_id, conformidad, detalle) values (54, '2018-06-12', 6968, 82, 75, true, 'yUckQCZAiQVhDGjBVy2rasyWVpuQLt2uf');
insert into remito (remito_id, fecha, monto, alquiler_id, cobro_id, conformidad, detalle) values (55, '2019-07-24', 7880, 77, 21, false, 'kJHkIMGll1wknogD7FCO7l3rDAG0ofRKi');
insert into remito (remito_id, fecha, monto, alquiler_id, cobro_id, conformidad, detalle) values (56, '2021-01-19', 7930, 29, 80, true, 'MUuxH91ieNbLnpJyt8HkWCcytwW1972Sl');
insert into remito (remito_id, fecha, monto, alquiler_id, cobro_id, conformidad, detalle) values (57, '2020-12-24', 7001, 53, 51, false, 'DLQtdgP2HfL81s0nCaQPvfJC87BQ9Teuf');
insert into remito (remito_id, fecha, monto, alquiler_id, cobro_id, conformidad, detalle) values (58, '2020-01-26', 9019, 47, 73, false, '1qaMIhldLSdPoxW4h4ntZMLKRqe2XiCs8');
insert into remito (remito_id, fecha, monto, alquiler_id, cobro_id, conformidad, detalle) values (59, '2021-05-18', 7592, 98, 61, false, 'YkejhPjZeeVmj2MGkZKDd9RzkWefxNTz4');
insert into remito (remito_id, fecha, monto, alquiler_id, cobro_id, conformidad, detalle) values (60, '2020-02-28', 6947, 51, 43, false, 'QwDmfrE4qiKAAA9SL3mUd5yoi5XWumW0A');
insert into remito (remito_id, fecha, monto, alquiler_id, cobro_id, conformidad, detalle) values (61, '2021-05-16', 7745, 55, 69, true, 'DsOaRyyDgjYn1gsWnLqSO7bk0Umvq5Orr');
insert into remito (remito_id, fecha, monto, alquiler_id, cobro_id, conformidad, detalle) values (62, '2020-12-28', 8819, 54, 3, true, 'gHl3s1pfnzMgsbEs1NVkNy7qFzXujqMGH');
insert into remito (remito_id, fecha, monto, alquiler_id, cobro_id, conformidad, detalle) values (63, '2021-03-19', 9484, 13, 38, true, '4cafPOk4cpigij8PSIehXNw3ES7JuOjFF');
insert into remito (remito_id, fecha, monto, alquiler_id, cobro_id, conformidad, detalle) values (64, '2019-01-07', 5350, 47, 45, false, 'SEBzzppy4HI3U2W62L11y5wxWkQKB7HuE');
insert into remito (remito_id, fecha, monto, alquiler_id, cobro_id, conformidad, detalle) values (65, '2019-02-22', 7706, 10, 15, false, '759cGapFfa6fSqQZH4mJVZW6d8iKXDuJ8');
insert into remito (remito_id, fecha, monto, alquiler_id, cobro_id, conformidad, detalle) values (66, '2018-08-15', 8534, 90, 24, true, 'oReUXwrsvB5mKcVlSSQIFV86QwR4i8sYp');
insert into remito (remito_id, fecha, monto, alquiler_id, cobro_id, conformidad, detalle) values (67, '2019-06-08', 5167, 51, 68, true, 'LodHFNL1QSn5G0fw3fzra8cQXKbfHXQjF');
insert into remito (remito_id, fecha, monto, alquiler_id, cobro_id, conformidad, detalle) values (68, '2019-03-28', 7751, 80, 12, false, 'SaffGbR9DgXXaBKfXeZXFyo3tiJo7LLlA');
insert into remito (remito_id, fecha, monto, alquiler_id, cobro_id, conformidad, detalle) values (69, '2020-10-02', 5979, 40, 96, true, 'LKYH2sVxaLHOHL8ZuDCWtAwJ56MDLEtNh');
insert into remito (remito_id, fecha, monto, alquiler_id, cobro_id, conformidad, detalle) values (70, '2019-12-16', 6106, 34, 7, true, 'e7zl6vDYuvyfdJJ64iCPBQgm3MPrnvPO2');
insert into remito (remito_id, fecha, monto, alquiler_id, cobro_id, conformidad, detalle) values (71, '2019-10-28', 7950, 37, 5, false, 'ebTyt7UwEvISpaseUmujUTH1R4sVjTJzM');
insert into remito (remito_id, fecha, monto, alquiler_id, cobro_id, conformidad, detalle) values (72, '2019-09-17', 6938, 53, 16, true, 'uht8UevQwSu95vJzicDzbRRxJWvZKOlPQ');
insert into remito (remito_id, fecha, monto, alquiler_id, cobro_id, conformidad, detalle) values (73, '2019-03-14', 5486, 87, 74, false, 'M0gXz9Eb50Edw4HF4KSvZ7gv7QEvnzvNn');
insert into remito (remito_id, fecha, monto, alquiler_id, cobro_id, conformidad, detalle) values (74, '2020-08-17', 9961, 18, 82, true, '7zrlbf7r7lwmAm40f2xiYFHJSVoOZKtaQ');
insert into remito (remito_id, fecha, monto, alquiler_id, cobro_id, conformidad, detalle) values (75, '2019-11-16', 6094, 51, 31, false, '5DqoyeRjnrslQKBQFFxpOQ4nRsgKiQz3v');
insert into remito (remito_id, fecha, monto, alquiler_id, cobro_id, conformidad, detalle) values (76, '2021-04-03', 7184, 88, 54, false, 'IQEWtWZyMNdzCuX5Vx09qDEOmWxDLpGjK');
insert into remito (remito_id, fecha, monto, alquiler_id, cobro_id, conformidad, detalle) values (77, '2018-07-02', 5312, 28, 54, false, '7rrCeVHHrwDScycXvcteZOBZG79fMxAx1');
insert into remito (remito_id, fecha, monto, alquiler_id, cobro_id, conformidad, detalle) values (78, '2018-11-11', 7755, 67, 21, false, 'lYpBJEEgTZwXDKU3SbyJxn0R2OUiCt1qe');
insert into remito (remito_id, fecha, monto, alquiler_id, cobro_id, conformidad, detalle) values (79, '2020-08-12', 5146, 86, 86, false, 'CsrRaozBbZRFTVnaEqH7NBihd5vW3QSGb');
insert into remito (remito_id, fecha, monto, alquiler_id, cobro_id, conformidad, detalle) values (80, '2018-07-19', 9354, 88, 84, false, 'ZENzhjmVhMyFpfS7K2msz93vB0T8O8fE5');
insert into remito (remito_id, fecha, monto, alquiler_id, cobro_id, conformidad, detalle) values (81, '2019-12-30', 9032, 28, 17, true, 'swV2xxecqhJke7uq8ylQEelNdBNYqCSV2');
insert into remito (remito_id, fecha, monto, alquiler_id, cobro_id, conformidad, detalle) values (82, '2020-05-13', 9121, 23, 46, false, 'hSDsROEYlCJXGDNT8JheG5hE3nL3E2ldl');
insert into remito (remito_id, fecha, monto, alquiler_id, cobro_id, conformidad, detalle) values (83, '2021-02-23', 7072, 33, 79, true, 'mbhK3IG7sagv5Iumbz1Kq1dZn6yTwAYHF');
insert into remito (remito_id, fecha, monto, alquiler_id, cobro_id, conformidad, detalle) values (84, '2018-11-04', 8445, 100, 99, false, 'RiKVJbbz9eAwiIkMT2O1c74HGaQDeAdk4');
insert into remito (remito_id, fecha, monto, alquiler_id, cobro_id, conformidad, detalle) values (85, '2019-01-30', 6563, 59, 12, true, 'ewvdXsLCyKxsse78C4fha2VbcmVivOjEH');
insert into remito (remito_id, fecha, monto, alquiler_id, cobro_id, conformidad, detalle) values (86, '2018-08-18', 8462, 91, 91, false, 'SgUsbdeDjJqPhvcPlPNn46v45O9URONxh');
insert into remito (remito_id, fecha, monto, alquiler_id, cobro_id, conformidad, detalle) values (87, '2019-11-23', 8759, 96, 61, false, 'z0NVC6Wp97dQmlzaLD3L4RpkM7eBvNCy8');
insert into remito (remito_id, fecha, monto, alquiler_id, cobro_id, conformidad, detalle) values (88, '2018-07-28', 5945, 2, 12, false, 'VMI17g7qXmZ4OB9tCQ2y2cqwriBp7buHZ');
insert into remito (remito_id, fecha, monto, alquiler_id, cobro_id, conformidad, detalle) values (89, '2019-06-09', 7944, 54, 61, false, 'L47PCTy7wz4fQpSlajhk10DRohgiQ4R2B');
insert into remito (remito_id, fecha, monto, alquiler_id, cobro_id, conformidad, detalle) values (90, '2019-08-22', 5445, 8, 31, true, 'S3ORJ4R4ux91W1szldGQGvXkXT5ZOcVTC');
insert into remito (remito_id, fecha, monto, alquiler_id, cobro_id, conformidad, detalle) values (91, '2019-06-28', 5579, 69, 97, false, 'WElDPwuqdnLZYcwNQuMBluPMQ17A4PGZB');
insert into remito (remito_id, fecha, monto, alquiler_id, cobro_id, conformidad, detalle) values (92, '2020-11-11', 7289, 34, 91, false, '6XC6N94IGUSRhdedmA5pSMl8yKObWa50e');
insert into remito (remito_id, fecha, monto, alquiler_id, cobro_id, conformidad, detalle) values (93, '2019-08-24', 7331, 21, 4, false, '3wkx7YMjmeZeCYzbJsmyqBcUvHvMEvjvX');
insert into remito (remito_id, fecha, monto, alquiler_id, cobro_id, conformidad, detalle) values (94, '2020-09-12', 9529, 86, 33, true, 'aSGFl7aOuUgTVqlWAtbjJ5IbeyasdJmDL');
insert into remito (remito_id, fecha, monto, alquiler_id, cobro_id, conformidad, detalle) values (95, '2018-10-18', 6804, 10, 61, false, 'YqTFMOrVzu5aIAIylvbMkj1OhYnGPh0KW');
insert into remito (remito_id, fecha, monto, alquiler_id, cobro_id, conformidad, detalle) values (96, '2021-01-06', 7660, 44, 77, false, 'x4aQIhaa9R4BmNfsixle1zpbKdixg8wWo');
insert into remito (remito_id, fecha, monto, alquiler_id, cobro_id, conformidad, detalle) values (97, '2020-05-24', 9274, 18, 43, true, 'zzh61Z51ZbGKTtguyfY4Zh9G3yYfLguBp');
insert into remito (remito_id, fecha, monto, alquiler_id, cobro_id, conformidad, detalle) values (98, '2018-10-24', 6644, 87, 58, false, '1lS4seHKsZgMIXN2BnJSkFhOeq357zaAo');
insert into remito (remito_id, fecha, monto, alquiler_id, cobro_id, conformidad, detalle) values (99, '2019-11-10', 9533, 22, 49, false, 'Axtm49DzDLphUMaIqQtDWFVCKwS6KzNaO');
insert into remito (remito_id, fecha, monto, alquiler_id, cobro_id, conformidad, detalle) values (100, '2018-10-02', 7536, 54, 92, false, 'VdztUgzHU98BzUi3iwU0U96g81QhFVcnz');

insert into servicio_extra (servicio_extra_id, fecha, monto, remito_id, planta_id, descripcion) values (1, '2021-05-28', 8203, 28, 58, 'zkahZiavz4sNKt5QXtnkdQLDMfrI2J6wSm76JqM9mrvmHvyg9VI0XN1');
insert into servicio_extra (servicio_extra_id, fecha, monto, remito_id, planta_id, descripcion) values (2, '2020-10-11', 9978, 22, 61, 'GEdCvWFOvNxsPNT5ijlRwhS90cCkHbmN2uLrBuz2znV9YyuR8c6pQzk');
insert into servicio_extra (servicio_extra_id, fecha, monto, remito_id, planta_id, descripcion) values (3, '2021-06-16', 8483, 11, 47, 'G0jqs5D7JBOaPlhP3tBtrUAV7BwufYSQOOJqJyDPt9IqdiFspBMO6a6');
insert into servicio_extra (servicio_extra_id, fecha, monto, remito_id, planta_id, descripcion) values (4, '2019-08-30', 7088, 15, 23, '2Vr9jH8eAmcwXb71PxYPSxD73dwfG83ggfzkhpq1az2wFUnGz0oziFI');
insert into servicio_extra (servicio_extra_id, fecha, monto, remito_id, planta_id, descripcion) values (5, '2019-01-18', 6617, 89, 73, 'sLg92FXqir8KxW2MPdU5xkscnbS1V0iJDmLLSwkXakkbUXSXEJI8o1s');
insert into servicio_extra (servicio_extra_id, fecha, monto, remito_id, planta_id, descripcion) values (6, '2021-05-18', 7448, 55, 20, 'WTXEynvQ8IABF0UhJLRKhqZ5sskaATJdCpCT3qvFvRcME6oHpJUXSJZ');
insert into servicio_extra (servicio_extra_id, fecha, monto, remito_id, planta_id, descripcion) values (7, '2019-07-31', 8426, 17, 85, 'UOPMXBBuMhYNyd8fLbIxdlkCpDHCMnxWj3XZZ9WLx9neGlPri7SEjav');
insert into servicio_extra (servicio_extra_id, fecha, monto, remito_id, planta_id, descripcion) values (8, '2020-11-04', 5767, 44, 93, '5q2KW5ibRkwSPuCimhD3li3RntrGPDDyiBZQZV9tswAhHhLoo05UwCw');
insert into servicio_extra (servicio_extra_id, fecha, monto, remito_id, planta_id, descripcion) values (9, '2018-10-03', 7575, 7, 50, '3PB9ImxBqevkDYCFGXsjtlEVdQhyK23jNHmyesEr0KNNo7LfICgPp2z');
insert into servicio_extra (servicio_extra_id, fecha, monto, remito_id, planta_id, descripcion) values (10, '2020-03-17', 6673, 13, 35, 'rE3eEbD2kMb2BbIkoNWbbBc8hws9DdOfmdK0leU364qAJPtdf3CcLea');
insert into servicio_extra (servicio_extra_id, fecha, monto, remito_id, planta_id, descripcion) values (11, '2020-08-10', 8403, 77, 42, 'MHdzqfnYi8PL9xAHVO4k87Y3fYR3Li9jPBW6c16fVpxWzvusQLfR2h1');
insert into servicio_extra (servicio_extra_id, fecha, monto, remito_id, planta_id, descripcion) values (12, '2021-06-06', 8586, 12, 49, 'UFuBsTIH9yYu82Cmzuw84kpnVb4w8G2XhXId0ePfJg1lf99wjSCof2F');
insert into servicio_extra (servicio_extra_id, fecha, monto, remito_id, planta_id, descripcion) values (13, '2020-02-23', 9748, 30, 33, 'DENuYFkldVmpWD86msmqVNES4XSubaOd16jN74yC0wtLjDtCnlMig6a');
insert into servicio_extra (servicio_extra_id, fecha, monto, remito_id, planta_id, descripcion) values (14, '2020-10-23', 9459, 45, 49, 'Nu25pYQOmOPHTO8NZrw9AIiI3IIjWTEC7QZNjdSPv9Vz9eDGkpcorcA');
insert into servicio_extra (servicio_extra_id, fecha, monto, remito_id, planta_id, descripcion) values (15, '2021-01-03', 9823, 43, 84, '6sNGxbp5iZIkWcHzuUStCtI9NN0OpBM2F0nU9x1eDkHF48FL5aOX0KH');
insert into servicio_extra (servicio_extra_id, fecha, monto, remito_id, planta_id, descripcion) values (16, '2019-08-05', 5300, 57, 96, 'e1hbeF34ZsNqV654LXQ5ysoyye1TG4Wgycnbs4fc8UKjMXSSkvR1aE1');
insert into servicio_extra (servicio_extra_id, fecha, monto, remito_id, planta_id, descripcion) values (17, '2019-05-21', 7843, 54, 28, '1pL3U4VSgZoAhc8V9SX6IdXjCV0lMNfZ2hohtyvWDw23cXkr2ZyKQV5');
insert into servicio_extra (servicio_extra_id, fecha, monto, remito_id, planta_id, descripcion) values (18, '2020-08-17', 8165, 32, 71, 'LQwTKggawvsDwvcxUSaXdLj7i5fKE1WA9T6ox8SHfwa8jq2e1fZ5N9r');
insert into servicio_extra (servicio_extra_id, fecha, monto, remito_id, planta_id, descripcion) values (19, '2020-08-04', 5819, 98, 48, 'TUMY2EJo3R7DlrE4fyC2jmIblq1oIhlohRaGCkJT69eMpgMQVvCTSKz');
insert into servicio_extra (servicio_extra_id, fecha, monto, remito_id, planta_id, descripcion) values (20, '2020-10-25', 7724, 58, 42, 'A9BdDQAgXktdcfgXjCMC9xbvlUTXWXuYLhe60PTUkMXf0snXE4DVwas');
insert into servicio_extra (servicio_extra_id, fecha, monto, remito_id, planta_id, descripcion) values (21, '2021-02-20', 6423, 26, 68, 'TtMuZTMiNKKG02KXvMbcp741YzWKHQQD6FlBmm3WBlXNTNmJ26Sy7ye');
insert into servicio_extra (servicio_extra_id, fecha, monto, remito_id, planta_id, descripcion) values (22, '2018-10-22', 7420, 69, 88, 'woegPR9qTaxp2kMeBYnBDKCMWT2hxma0C4pB30XnV3LnJs7mrLYvN7c');
insert into servicio_extra (servicio_extra_id, fecha, monto, remito_id, planta_id, descripcion) values (23, '2018-11-04', 7433, 49, 83, '2MqYycWsMfqDcMRi7UQHwQZbGaEIYL71Cs4j33UKpo3cqGrlIPCoqhi');
insert into servicio_extra (servicio_extra_id, fecha, monto, remito_id, planta_id, descripcion) values (24, '2020-05-23', 8142, 57, 93, 'UHrz2q16oCGevJQLVlLL98xfqj7kwYHhOo3EYQ2OJ0m3OFAjUaI688u');
insert into servicio_extra (servicio_extra_id, fecha, monto, remito_id, planta_id, descripcion) values (25, '2019-06-16', 8466, 85, 100, 'Ewx1a1bsYF3odtMHmhWLNOmwlYEtH6XdC7Q9rUgtpddmkpOBCsMyHSn');
insert into servicio_extra (servicio_extra_id, fecha, monto, remito_id, planta_id, descripcion) values (26, '2019-05-25', 8082, 87, 85, 'SEHafHom3o3tDQVBExVJ5OZbpOUSxYhT86j6u992OX7Kqo5C6Z4oVtl');
insert into servicio_extra (servicio_extra_id, fecha, monto, remito_id, planta_id, descripcion) values (27, '2020-10-09', 6848, 44, 89, '5k7wY0G7jJ859TeICfgr5a8XrI6NbkqqSz1Up5Gksn1nDrETsgnCR8Q');
insert into servicio_extra (servicio_extra_id, fecha, monto, remito_id, planta_id, descripcion) values (28, '2020-10-25', 8512, 52, 36, 'kNUE28p4QfIpV7NKnMn5hgApf7yVbWH5m6XeeiWtBJX9yiiS1wJmmWn');
insert into servicio_extra (servicio_extra_id, fecha, monto, remito_id, planta_id, descripcion) values (29, '2020-02-29', 6687, 23, 47, '753LUhogXdfghG1GrvbjljaLJ2mMECGKiRzRx4UcTFELToGoxtZWGc6');
insert into servicio_extra (servicio_extra_id, fecha, monto, remito_id, planta_id, descripcion) values (30, '2018-09-03', 5985, 96, 41, 'TFEeT36T1ZjVs9XCVJoGxKvjg5Tx4UMU5G2AVjDe3dxpH6izHfTgmXI');
insert into servicio_extra (servicio_extra_id, fecha, monto, remito_id, planta_id, descripcion) values (31, '2019-10-23', 5594, 43, 57, 'uj7BIXRpgUzO76r4vloDHqbbJBgbqTLaScpvLfTUuvcwL2IshB1CVnq');
insert into servicio_extra (servicio_extra_id, fecha, monto, remito_id, planta_id, descripcion) values (32, '2020-03-26', 6953, 50, 56, 'zawzOos3pr9PqPiwhcNqforyKgCU5BVNnJs89q0ZAIOmplzc2qNmLK1');
insert into servicio_extra (servicio_extra_id, fecha, monto, remito_id, planta_id, descripcion) values (33, '2019-02-14', 9518, 18, 57, '2w2iqAZVWlM2ubEX4Dxcb279nGvw7vkJEPHlfr4xgA22EeXOFC7zABs');
insert into servicio_extra (servicio_extra_id, fecha, monto, remito_id, planta_id, descripcion) values (34, '2018-09-21', 6597, 47, 38, 'h4ej7UwQaiU6IoQNk88k8n0YXWKy2wBlCXv2ooRfxLdQBTc4b2CPWL2');
insert into servicio_extra (servicio_extra_id, fecha, monto, remito_id, planta_id, descripcion) values (35, '2019-10-28', 7715, 17, 61, 'ZmwXhbp4W4mpCQjR84Mj0AjVyIL1AjPuJ4WDkUKF8ed9Ibz2Gs8dmJn');
insert into servicio_extra (servicio_extra_id, fecha, monto, remito_id, planta_id, descripcion) values (36, '2019-06-14', 6394, 56, 39, 'GaZ8viT7Jb4G9AfEItu6NkzPvhFjQncwVhGGNpkQKyWHcjjJrztKQJt');
insert into servicio_extra (servicio_extra_id, fecha, monto, remito_id, planta_id, descripcion) values (37, '2020-03-15', 7695, 42, 76, 'jincC5NJ63N1GqkeT2fHml0WdJOTfsQwQon8tvq9YuxvUBt8lA6dxxb');
insert into servicio_extra (servicio_extra_id, fecha, monto, remito_id, planta_id, descripcion) values (38, '2018-09-26', 5949, 82, 33, 'akvo6lVES902FAqCUR2Gb1kOY2uX4MzMDobXbh92of3bY80hTqvKmZ8');
insert into servicio_extra (servicio_extra_id, fecha, monto, remito_id, planta_id, descripcion) values (39, '2018-09-13', 6805, 24, 6, 'fe6JHVFP14mzXYNUu6BxAbjTQiqrP3ekv6OK0umLpqgs7nYMkGYxIE1');
insert into servicio_extra (servicio_extra_id, fecha, monto, remito_id, planta_id, descripcion) values (40, '2019-12-22', 6783, 48, 73, 'Wfolg2tFS1bZxs92t9XYjpECybBY6VYNwmH5HzjoemCopNsfwGeyX4o');
insert into servicio_extra (servicio_extra_id, fecha, monto, remito_id, planta_id, descripcion) values (41, '2021-01-12', 9676, 69, 62, 'lIRzqhVZBdpsWZWhbwtVVqxZkrPAGRDNml2C8PnwGq9TMMjNDLZQiQ2');
insert into servicio_extra (servicio_extra_id, fecha, monto, remito_id, planta_id, descripcion) values (42, '2021-03-21', 7301, 46, 81, 'NVeCCncJLPElQ6DFUUlsg97YbsF2zY6IWzd8wiT3qcxeTqlstlorgVp');
insert into servicio_extra (servicio_extra_id, fecha, monto, remito_id, planta_id, descripcion) values (43, '2021-04-28', 5387, 14, 94, '4XmmU05SjnLw4h7SBGhtZK2auKcbpfQGKa0sBYlXSFmsTNhqfB64BVT');
insert into servicio_extra (servicio_extra_id, fecha, monto, remito_id, planta_id, descripcion) values (44, '2021-05-29', 8498, 33, 58, '2EdJe2ueErdLCzEtmVcd3dsakeNvcCcKANQfFmN0QwZtmO2uqhoPvjI');
insert into servicio_extra (servicio_extra_id, fecha, monto, remito_id, planta_id, descripcion) values (45, '2021-03-13', 6190, 73, 26, '3mW1xlWmfdRtwKJ210tpNjsAz6lvXGBs8ck80jbZ8hTwKgQ8N2dapDQ');
insert into servicio_extra (servicio_extra_id, fecha, monto, remito_id, planta_id, descripcion) values (46, '2019-07-14', 8432, 38, 11, '8EC89kPC3y0LUI0onIGkLG8HKmSLP0tBjMS0A750idUf0QJ85HQbgot');
insert into servicio_extra (servicio_extra_id, fecha, monto, remito_id, planta_id, descripcion) values (47, '2021-05-22', 9075, 26, 1, 'WSs1LgQ0Zmgd69h01al8XeG3eD1iTiXj4qKxnls7umYQ4T69RdUqQXl');
insert into servicio_extra (servicio_extra_id, fecha, monto, remito_id, planta_id, descripcion) values (48, '2020-02-11', 9235, 89, 89, 'H7EBnUnWBsfIr076eaS9T29rjkpIU3TyAV8dmWEkDJ73KwNhOzrpDdk');
insert into servicio_extra (servicio_extra_id, fecha, monto, remito_id, planta_id, descripcion) values (49, '2020-02-23', 5146, 50, 98, 'QPpbHjAENTI9xrdaeQfD70ejnl9xo2kRVZQuQ7W2rnapxKbljYJb9dc');
insert into servicio_extra (servicio_extra_id, fecha, monto, remito_id, planta_id, descripcion) values (50, '2020-06-03', 8587, 55, 63, 'rve0lUaprSXKkuyVuTyt3BHkwYFmQbmdb911yFX3wkDHofVrQhnd5PP');
insert into servicio_extra (servicio_extra_id, fecha, monto, remito_id, planta_id, descripcion) values (51, '2018-08-17', 6617, 54, 38, '06OkOfl5qWTdA5evS1AlouF8jrYa87noCzWKJk0EIp1reYrzJsITkkl');
insert into servicio_extra (servicio_extra_id, fecha, monto, remito_id, planta_id, descripcion) values (52, '2020-10-06', 9576, 32, 60, 'eBXCM1xlWiU16igcJ40W1bVlKPRjjrCf8HrnVYbZQRTRq5ipWU0NbZv');
insert into servicio_extra (servicio_extra_id, fecha, monto, remito_id, planta_id, descripcion) values (53, '2019-11-14', 9643, 23, 34, 'uRncX4sWHNfVlixp9wUTBQFhJc40FxZEBOdQscWahHFWzv4BM2eozeD');
insert into servicio_extra (servicio_extra_id, fecha, monto, remito_id, planta_id, descripcion) values (54, '2020-10-11', 7194, 66, 66, 'Sic0d5oucgxqpy0vhBHGi4bIccDmRhahjcddffvFGg326lXNNf0zW8D');
insert into servicio_extra (servicio_extra_id, fecha, monto, remito_id, planta_id, descripcion) values (55, '2020-05-18', 7840, 83, 91, 'WPJHJMfP9VHPpfvsvnLKF9ebFjq96iCB02aeaDZPwLpyTdq8QLWnBKo');
insert into servicio_extra (servicio_extra_id, fecha, monto, remito_id, planta_id, descripcion) values (56, '2019-01-24', 7048, 57, 1, 'l8XlTG3BWrf4CsNiz2sWiUTWIpU6bWHjqK8TpUeQYB2ENKjNIZqSaoH');
insert into servicio_extra (servicio_extra_id, fecha, monto, remito_id, planta_id, descripcion) values (57, '2021-04-13', 7195, 100, 7, 'NFruOmiByDYtpQtzFmFKOjQsSCfRTR8iLdaKgjWOiFM78vk5eAmbzfe');
insert into servicio_extra (servicio_extra_id, fecha, monto, remito_id, planta_id, descripcion) values (58, '2019-07-07', 7780, 44, 68, 'XMueRFYQM5uEHSrZ0vGTbWrysM68q7MIjWxmAP4kmHNbcsCloOm6a3x');
insert into servicio_extra (servicio_extra_id, fecha, monto, remito_id, planta_id, descripcion) values (59, '2019-04-10', 9494, 62, 32, 'NIEz2iEZOssyp63KfByLkw6QlMwJ4WEXJrDvzsVI16lshXj6p7vQ8Wr');
insert into servicio_extra (servicio_extra_id, fecha, monto, remito_id, planta_id, descripcion) values (60, '2020-09-18', 8454, 76, 87, 'nyRgIldEbZvaujzmI1sJ88FDRibAk6wW9DXlNefRw0tF1paRIQnnPW0');
insert into servicio_extra (servicio_extra_id, fecha, monto, remito_id, planta_id, descripcion) values (61, '2018-08-15', 8378, 36, 20, 'kpVzBmS3b9PWYxNgU1qlUz3TxJ71IJRwRC9lIzXhCnhwoSPcP26eEgi');
insert into servicio_extra (servicio_extra_id, fecha, monto, remito_id, planta_id, descripcion) values (62, '2019-01-25', 9492, 44, 25, 'gtL0bpsAyU16fpPoyaOFKZjbVAhsdGlaZW3eIoGkvx0ZvsGezlZeiVt');
insert into servicio_extra (servicio_extra_id, fecha, monto, remito_id, planta_id, descripcion) values (63, '2019-04-13', 6851, 36, 99, 'hLrBU5ho9fe2tYOKfe8yJ9HMrw16lGPecc4e0CPKQXp5zgf1NNbkHqn');
insert into servicio_extra (servicio_extra_id, fecha, monto, remito_id, planta_id, descripcion) values (64, '2018-09-14', 7270, 63, 96, 'kLS0d7med2fdcAWbXOIlzWyezXj9TGH0SRMosKlnLxRiYcaWBISMpmJ');
insert into servicio_extra (servicio_extra_id, fecha, monto, remito_id, planta_id, descripcion) values (65, '2021-01-02', 8138, 74, 78, 'UaMS1U0uNVh3Fa5UyclBNwMdyx3ket7hQ8jdYri8CFNq1vMLe5uISpi');
insert into servicio_extra (servicio_extra_id, fecha, monto, remito_id, planta_id, descripcion) values (66, '2019-01-16', 5764, 6, 33, 'k6ACvUO05E3jsFATInmotQAhzv6uvegUFwHefkxqvX3KGoIg4QkUTjD');
insert into servicio_extra (servicio_extra_id, fecha, monto, remito_id, planta_id, descripcion) values (67, '2019-02-17', 6953, 28, 95, 'JB9yANFWCgp7lkIaXbbhuExVEBFihKmref09EYSGRzc7RYmaTnUh9o5');
insert into servicio_extra (servicio_extra_id, fecha, monto, remito_id, planta_id, descripcion) values (68, '2020-11-24', 9537, 1, 12, 'whhKt7Op2Wehf5PP09oOHGTOn4IqwInWVxiMWmIlSeOimekh7XW4MpA');
insert into servicio_extra (servicio_extra_id, fecha, monto, remito_id, planta_id, descripcion) values (69, '2020-07-28', 5606, 27, 67, 'KWfFO5wv2vLmnBxA6d9sgvysDnbrfk3Bp4Z4mh4flSCxvVU7vczdGH6');
insert into servicio_extra (servicio_extra_id, fecha, monto, remito_id, planta_id, descripcion) values (70, '2020-07-12', 6453, 55, 17, 'qy6x4ctyRDsoHuOqvkstSYfzrGzKFfDfMJfgGtBz8sMTpa9Jlx50Kul');
insert into servicio_extra (servicio_extra_id, fecha, monto, remito_id, planta_id, descripcion) values (71, '2018-10-17', 8300, 12, 2, 'U4ThEWRtsffFdKt8CGDhcIRgWdPgYSwvEm2dzBmq282hQTBXDIUG0th');
insert into servicio_extra (servicio_extra_id, fecha, monto, remito_id, planta_id, descripcion) values (72, '2020-03-16', 6438, 7, 31, 'qHC8B7GqhhZXWUDB2ObP8Wv8UpxFBZzRhnppDD0tpmyDNFcbh8jnbAB');
insert into servicio_extra (servicio_extra_id, fecha, monto, remito_id, planta_id, descripcion) values (73, '2019-09-16', 9766, 5, 20, '46I54BUKKW9f1QEKXCg6o8EQxQuHvRvuF1Be8hjkoKgACeFWNmX7ihl');
insert into servicio_extra (servicio_extra_id, fecha, monto, remito_id, planta_id, descripcion) values (74, '2020-11-02', 6350, 47, 8, 'lBQI13z7Lffxsh2xmFsfbXynRSJdsJiCtXCb1UA2QWdGJfY3GGoHikh');
insert into servicio_extra (servicio_extra_id, fecha, monto, remito_id, planta_id, descripcion) values (75, '2021-01-22', 5562, 5, 43, 'cOLU6JJ92E0hXb0hv645uZuohMYNkINmpe5uAHN5eK7vqSyWIqNkVn6');
insert into servicio_extra (servicio_extra_id, fecha, monto, remito_id, planta_id, descripcion) values (76, '2018-09-04', 9225, 66, 42, '5HHXZcf3foShpzApoevqHzZ8PiVo6DAHa3jNOiLyVRUYxZDJqJ1So1s');
insert into servicio_extra (servicio_extra_id, fecha, monto, remito_id, planta_id, descripcion) values (77, '2021-06-15', 5099, 1, 1, 'LaWtzBdgGprdl5gwojo50VKWh5a8zKqkElL3Zv7AsQUmSFL6kLlLTGf');
insert into servicio_extra (servicio_extra_id, fecha, monto, remito_id, planta_id, descripcion) values (78, '2019-08-13', 8251, 12, 95, 'KhFyOt3FaSoD0FP47HiQIDKCeI9HreXbFIxdMFdwt9P8GfVRH03XEoC');
insert into servicio_extra (servicio_extra_id, fecha, monto, remito_id, planta_id, descripcion) values (79, '2021-01-08', 8966, 63, 75, 'LPKwbWfJsReFwoDWfoiQ7yI5h193dDFg3fujBNykwJlFLzwNqxUucEs');
insert into servicio_extra (servicio_extra_id, fecha, monto, remito_id, planta_id, descripcion) values (80, '2018-07-06', 6543, 45, 21, 'b34zAdt0kNVm4231XNhmbCEU6Mes4r1MzQ2CTouwECufCVmgzzOQPeS');
insert into servicio_extra (servicio_extra_id, fecha, monto, remito_id, planta_id, descripcion) values (81, '2019-01-20', 6157, 4, 30, 'eG6YKCgiUQ2zMd9V3jW2G1BGhvIjUQbxAY2Qi53vd2MagqsGF9H7pGO');
insert into servicio_extra (servicio_extra_id, fecha, monto, remito_id, planta_id, descripcion) values (82, '2018-07-23', 8571, 100, 84, '0mh27ljx31ccoHc18bWjaHGTEuQBnfWmFTsvHrGlPIPO4QDwD8oUCCV');
insert into servicio_extra (servicio_extra_id, fecha, monto, remito_id, planta_id, descripcion) values (83, '2019-02-11', 5352, 62, 69, 'uncb90DkGQekKQYYB0sxaaNgX2wzjme1f0zWQzWs6y8v8kk60PR5jRh');
insert into servicio_extra (servicio_extra_id, fecha, monto, remito_id, planta_id, descripcion) values (84, '2021-06-04', 5444, 39, 9, '56ecLc754pcMTg9XUzYQTHbsVfMcdO9Ms5ZU7bwBUiSY0wbqI9J6PtX');
insert into servicio_extra (servicio_extra_id, fecha, monto, remito_id, planta_id, descripcion) values (85, '2020-09-24', 6512, 4, 90, 'NyP3ZX2d6NFPZRdI7fR10ZDc8kdiF9xHHR2IAXDhfyK9SaJlJ9DgJ3y');
insert into servicio_extra (servicio_extra_id, fecha, monto, remito_id, planta_id, descripcion) values (86, '2020-05-16', 8007, 88, 12, 'T6rP2mOZNTMpWNgVNs2sAhhYHzQRfoseKgjIw00CGdGlzytU8LTUMO4');
insert into servicio_extra (servicio_extra_id, fecha, monto, remito_id, planta_id, descripcion) values (87, '2019-06-06', 5783, 87, 62, 'UWaz9pbOeLEPk1ULvBT30NivUOn9C6Gtg7sDjz5XZa8M7pZt2Q30WDP');
insert into servicio_extra (servicio_extra_id, fecha, monto, remito_id, planta_id, descripcion) values (88, '2020-11-21', 7119, 1, 93, 'Dw0cB63QrW9CeoQQaGcLlm0D4WxnJOmNDtzkPAMh7LcD0mNG7SMYc91');
insert into servicio_extra (servicio_extra_id, fecha, monto, remito_id, planta_id, descripcion) values (89, '2020-01-15', 6587, 84, 21, 'eGhBluhjklVqiCQvK3Iib8KxuFbFiGFN7fTX6s9B0N6vogR69MRDzT8');
insert into servicio_extra (servicio_extra_id, fecha, monto, remito_id, planta_id, descripcion) values (90, '2020-08-24', 6250, 74, 73, 'xCpxZJEPIzmEGfg6jkpW7utd4Kaj1PfStlUr97oSXAZbFcuTNmMieyJ');
insert into servicio_extra (servicio_extra_id, fecha, monto, remito_id, planta_id, descripcion) values (91, '2021-05-26', 8639, 8, 22, 'eOXrectkXma00u2KV5FRUE26SvkjBhm23ODwcvoMP74RXlr4TFddvdd');
insert into servicio_extra (servicio_extra_id, fecha, monto, remito_id, planta_id, descripcion) values (92, '2020-09-16', 8791, 69, 95, 'YSdzDc3syEg6qwnxT8ScGiG5qz3350Br5WUq0pwmldUed2RdLiQCPb1');
insert into servicio_extra (servicio_extra_id, fecha, monto, remito_id, planta_id, descripcion) values (93, '2018-06-28', 7884, 2, 49, 'DceAy4ZHSZuyZEO6PmrAe6uQ3OZPuMupPeugLi7a3l5QwisNfNqITHy');
insert into servicio_extra (servicio_extra_id, fecha, monto, remito_id, planta_id, descripcion) values (94, '2019-11-15', 7995, 9, 42, 'PI4UrLOY576inU1TGRVucWQGZduXCjN7ckHkyz41sgGtM8bFWAtsKjM');
insert into servicio_extra (servicio_extra_id, fecha, monto, remito_id, planta_id, descripcion) values (95, '2020-11-29', 8488, 54, 88, '5vymqss6JPywcjF2WWqxGgpclcDHN0A8VOaHEsLItWLKIeJ2GwVJeye');
insert into servicio_extra (servicio_extra_id, fecha, monto, remito_id, planta_id, descripcion) values (96, '2020-10-22', 9027, 6, 23, 'ynLmO5Yv5hPtYBhuvDQCP6rziLNPZNHAi7RojlmWlU0m1wIxpngzWPx');
insert into servicio_extra (servicio_extra_id, fecha, monto, remito_id, planta_id, descripcion) values (97, '2019-11-06', 8400, 37, 29, 'gfXVkfR4jJH34PG7Rg5EqxJW9cN8dzWjOnqazOcxMcfwzeytIy4Vrey');
insert into servicio_extra (servicio_extra_id, fecha, monto, remito_id, planta_id, descripcion) values (98, '2019-12-13', 8731, 2, 81, 'VEILzA4fBoHIaalcz4XhfqS5PMYPO11LtGPs528Df4rusFCvUUa6QrP');
insert into servicio_extra (servicio_extra_id, fecha, monto, remito_id, planta_id, descripcion) values (99, '2019-07-07', 7638, 32, 64, 'EKRI0uABSrvXxvoL0wT9Apznu8pji5UgSaXJmpTZJQ2GigYNzq9En7E');
insert into servicio_extra (servicio_extra_id, fecha, monto, remito_id, planta_id, descripcion) values (100, '2020-11-19', 6494, 68, 67, 'YA0mTjsLZAlTM71YMoYOcLPk39To2I5xH62lwQ7AEppAKyxhFE0P3HR');
